,Brand Name
0,A Good Fur Day
1,A.P. CHEM
2,A Perfume Organic
3,A Touch of Class Beauty
4,A Wild Soap Bar
5,A2V
6,Aaryanveda
7,ABATURE
8,Abbott
9,ABBY & FINN
10,Abby Rose Skin Care
11,Abel Fragrance
12,ABELA
13,Abhati Suisse
14,Abicì
15,Able Skincare
16,Abloom Skin Care
17,about-face
18,About Me
19,About Time We Met
20,aboutface
21,Abra Therapeutics
22,ABRIGA
23,Absolute Green
24,Absolute Miracle
25,Absolute New York
26,Absolute Soap (Product Body)
27,Abstrax Labs
28,Abura Cosmetics
29,Abyssal Japan Co.
30,abyssian
31,ACE (BBI)
32,Ace Beaute Cosmetics
33,Acherontia
34,Acmer
35,Act Of Being (Epic Beauty Brands)
36,actiMare
37,Actium Plus
38,Active Concepts
39,Active Micro Technologies
40,ACTIVE NINE
41,Active Organic
42,Active Silver
43,ACTIVOSCOSMETICOS
44,Acure (Better Planet Brands)
45,ADA TINA Cosméticos
46,Adams Handmade Soap
47,ADC Hounstone & Co.
48,Adcos
49,AddictaLash
50,Adélie et Cie
51,Adelinda Cosmética Natural
52,Adept Cosmetics
53,aDesign
54,Adessa
55,Adesse New York
56,Adezzo Beauty
57,Adhome Co.
58,ADOREYES
59,Adorn Cosmetics
60,ADVANAGE Diversified Products
61,Adversa
62,AdvoCANNA
63,AEGIS PHARMA
64,AER
65,Aesthetica Cosmetics
66,ATHR Beauty
67,af94
68,Afari Skincare
69,AFETO NATURAL
70,Affinage Professional
71,Affordable Mineral Makeup
72,AFFOREST GREEN BEAUTY
73,"After Inked, LLC"
74,Afterglow Cosmetics
75,AG Care
76,Agape Key All Natural Products
77,Agave
78,Age Attraction Kosmetik
79,Agent Nateur
80,Agera Biotech
81,Aggi Natural Beauty
82,Agilise Cosméticos
83,Agnes dos Santos
84,Agua de Nube
85,Aguaymanto
86,Ahal (Laboratorio Biocosmética S.A. de C.V.)
87,Ahé Naturals
88,Ahimsa Essentials
89,Ahimsa Haircare
90,Ahura New York
91,AIKA WELLNESS
92,Aim HI Every Day
93,Aimée de Mars
94,Aimeili Gel Polish
95,Ainterol Natural Products
96,Airelle Skincare
97,Airnex
98,AJ Nails Collection
99,AJANANTA RETAIL
100,AKA Cosmetic
101,Akahi Enterprise
102,Akasa Elements
103,Aki Lashes
104,Akita Brands
105,AKS  KOZMETIK KIMYA TIC. LTD. STI
106,AKSAN KOZMETIK
107,AKT London
108,Akten Kozmetik San. Paz. A.Ş
109,Alamar Cosmetics
110,Alba® 1913
111,Alba Beauty
112,Albaad
113,Alchemy Holistics
114,Alchemy Oils
115,Alchimie Forever
116,"Adli Gummies, d/o/b Imaraïs Beauty"
117,Aleph Beauty
118,Alexa Persico Cosmetics
119,Alexami Cosmetics
120,Alexis Vogel
121,ALIDA PURE
122,Alighten Natural Skin Care
123,Alimeri
124,Alison Asia Pacific
125,ALKAGLAM
126,Alkemie
127,All About Curls
128,All About Good Vibes
129,All Care Products
130,All Golden
131,All Good Scents
132,"All-Nutrient (Chuckles, Inc.)"
133,All Terrain
134,allBambu
135,Allegresse 24K Skincare
136,Allens Naturally
137,Alleyoop
138,Allez Outdoor
139,Allies of Skin
140,AllMyFy
141,ALLOYANatural
142,AllSan
143,alltheFURRY (OOWN Co)
144,Allurials
145,Allyoos
146,Ally’s AromaRemedies
147,Alma Nativa
148,Alma Secret
149,Almaya Orgânica
150,Almo Nature
151,Almora Botanica
152,Aloe Plus
153,Aloe Up
154,Aloette Cosmetics
155,Alott Limited
156,Aloxxi International
157,ALPAYA Dermaceuticals
158,Alpaya Dogal ve Kozmetik
159,ALPCH
160,Alpen Secrets
161,Alpenkraft
162,ALPHANOVA
163,Alpine White
164,alquimiainsole
165,ALQVIMIA
166,Alter Ego
167,Altilis Beauty
168,Altresso
169,alva Naturkosmetik
170,Alya Skin
171,amac natural
172,Amacyn Natural Perfume
173,AMAEYYA
174,amai naturals
175,AMAL Cosmetics (Madeleine Blair S.L.)
176,Amalia Skincare
177,Amalsroom.com
178,AmandaSteene
179,Amandine Sol Botanicals
180,Amara Beauty
181,Amaranthine Beauty
182,AMARI NEW YORK
183,Amaru Cosmética ecológica
184,amatera
185,Amaterasun (Royal Pesona Indonesia)
186,Amazon Premium Products
187,Amazônia New Face
188,Amazonia Skincare
189,Amber House Apothecary
190,Ambientes Limpios
191,AME (LAM COSMÉTICOS S.A.S.)
192,âme pure
193,Ameliorate Skincare Limited
194,American Formulating & Manufacturing
195,American Safety Razor
196,AMI COLE
197,Amie
198,AMIEVA SPA
199,Amika
200,AMINO ANIMO  (Physis Laboratory)
201,Aminu Wellness Pvt.Ltd
202,Amly
203,amo como soy
204,Amoha Wellness
205,Amon & Anis
206,Amor Luminis
207,Amore Pet Foods
208,Amorus USA
209,Amour Your Body
210,Amplify Cosmetics
211,Amrita LLC
212,Amrutam Pharmaceuticals
213,Amvï Cosméticos Naturais
214,Amyla Cosmetics
215,Amyris
216,An Earthy Touch
217,Ana Hickmann Makeup
218,Ana Hickmann Unique Skin
219,ananné AG
220,Anastasia Beverly Hills
221,Ancient Formulas
222,Ancient India
223,Ancient Secrets
224,Andalou Naturals
225,Anderdogs
226,Anderson + Joy
227,Andrew Fitzsimons Professional Haircare
228,Angel Minerals
229,ANGELCOCO (Neontech)
230,Angie Watts Naturals
231,Aniise Natural Skincare and Cosmetics
232,Animal Human Alliance
233,Anis Herbocosmetica
234,Anisa Beauty
235,Anise Cosmetics
236,Anjoize Ltd
237,Anjolie
238,Annabelle (Groupe Marcelle)
239,Annabelle Minerals
240,Annemarie Börlind
241,Anoint
242,Anokha Skin Care
243,Anomaly Haircare
244,ANSWR
245,ANTATI
246,Anthony Skin
247,Anti-Aging Hair Treatment
248,Antonin .B
249,ANUKO (Anko Cosmetics)
250,Anyong
251,Anyra Cosmetics
252,ao FEEL THE LIFE
253,Ao Skincare
254,AOA Beauty
255,Aparascent
256,Aphotetic
257,Aphrodite Razors
258,Apiarium
259,APOEM
260,Apollo and Artemis Beauty
261,Apollo Dion
262,Apot.care
263,Apothecary Shoppe
264,Apothekary
265,Apotheke
266,APPLE & BEARS
267,Apple Island Naturals
268,Applied Beauty Products (Baobab Group)
269,Applied Bio Laboratories
270,Apricot
271,Apsara Skin Care
272,APTO Skincare
273,APUREE
274,Aqua Natural
275,Aquababy
276,Aqualogica
277,Aquila Innovations
278,Aquilegia
279,A&R Bath Shop
280,Arabella Cosmetics
281,ARABORA (ARAMEDIHEAL)
282,ARA´KAI BEAUTY
283,Aranya Holistic Skincare
284,Arata
285,Arbolito Colorido
286,Arbonne International (Groupe Rocher)
287,Arbor Organic Technologies
288,Arches & Halos
289,ARCHIE COSMETICS CO.
290,Arctic Cure
291,Arctic Fox Hair Color
292,Areu Areu
293,Argabody
294,Arganat
295,Argand’Or
296,Arganoel-Zauber
297,Argital
298,ARIIX
299,Arilan Skincare
300,Arissa Studios (Beauty 21)
301,Aristocrat
302,AROLAB Organic
303,Aroma Bella
304,Aroma Crystal Therapy
305,Aroma Naturals
306,Aroma Roots
307,Aroma Selena
308,Aromacare Victoria
309,Aromafloria
310,AromaHome by Slatkin + Co.
311,Aromaland
312,"Aromaleigh, Inc."
313,Aromalief
314,Aromanthi
315,Aromas By Flo
316,Aromatherapy by Whole Spectrum
317,Aromatika
318,Aromi
319,AROMTERRAPET
320,Arooba
321,Array of Shades
322,Arriani Pharmaceuticals
323,ART BRÜT
324,ART Cosmetics
325,Artemis Life
326,Artemis Pet Food
327,ARTISANskin
328,Artist Couture
329,artnaturals
330,ArtOnIt Makeup
331,ArtPOP Cosmetics
332,Arunás E.I.R.L.
333,Arvesha Ayurvedic
334,Arya Laya
335,ARYANA
336,As I Am
337,Asa Beauty
338,ASCENTION BEAUTY CO.
339,ashakii
340,Ashba Botanicals
341,Ashley Joy Ic ve Dıs Ticaret Pazarlama Anonim Sirketi
342,ask natural
343,AspenClean
344,Assembled Skincare
345,ASTIS
346,Astonea
347,Astonish Cleaning Products
348,Asutra
349,At Last Naturals
350,Ataraxia Cosmética Vegetal
351,Ateh Jewel Beauty
352,Atelier Populaire
353,ATGENE Inc.
354,Athar’a
355,Atlanta Bath Company
356,ATO OGEL(DOCTOR DEMAGEL Inc.)
357,Atomic Makeup
358,Attindas Hygiene Partners
359,ATTITUDE (Bio-Spectra)
360,Au Natural Organics Company
361,Au Naturale
362,Au Naturel Botanicals
363,Auá Natural
364,Àuda.B
365,AUDREY & YOUNG
366,auf auf
367,Augustus BioMed
368,Aunt Fannie’s
369,Aura
370,Aura Cacia
371,Aura MLM
372,Aura Nova (Novitagroup)
373,Aurae Natura
374,Auravie Biocosméticos
375,Aurelia Probiotic Skincare
376,AURÉOLAH
377,Auromère Ayurvedic Imports
378,Aurora Rose (Aurora Natural Skincare)
379,Aussie (Procter & Gamble)
380,Australian Bush Flower Essences
381,Australian Cosmetics
382,Australian Glow
383,Australian Gold
384,Australian Native Botanicals
385,Authentic Beauty Concept (Henkel)
386,Authentic Oil Co
387,Aux sources de Manon
388,AVA Cosmetics
389,AVA Haircare
390,Avalon Organics
391,AVANI Dead Sea Cosmetics
392,AVANT Skincare
393,Avasiare Professional Skincare and Cosmetics
394,Avatara
395,Avativ
396,Aveda (Estee Lauder)
397,Averr Aglow
398,AveSeena
399,Avestan
400,AVGERINOS COSMETICS
401,Aviva Labs
402,As I Am
403,Avocado Dreamin LLC
404,Avoskin Beauty
405,Avoyd
406,Avril
407,Avroy Shlain Cosmetics
408,AvryBeauty
409,AWAIIKIN
410,Awake (Tarte Cosmetics)
411,Awakening Mineral Therapies
412,Awakening Spirit
413,Awen Skin Care
414,A.W.Faber-Castell S.A (Brazil – cosmeticos)
415,Axachem
416,Axe (Unilever)
417,Axiology
418,AXION-BUBBLE
419,AXIS-Y
420,AYA Cosmetics
421,Ayda
422,Ayluna
423,Ayr Skin Care
424,Ayuface (TekMaison LLC)
425,Ayuga
426,Ayumi Natural
427,Ayurved Pratishan
428,Ayurveda Holistic Center
429,Azafran Organics
430,Azalia Spa Goods
431,AZATURE
432,Azelia’s Earth
433,AZK
434,AZLO Lashes
435,Azmira Holistic Animal Care
436,Azuaya
437,Azul Cosmetique SAS
438,AZURE IS BLUE
439,Azur Natural Bodycare
440,Azurlis® Natural Skin Care
441,Antheia Essentials by Easy Feel Products
442,Aromazotika
443,b.box for kids
444,B Buddah Beauty
445,b.fresh
446,B. Glam Cosmetics
447,B-leaf Botanics
448,B Like Bamboo
449,B.RESPECT
450,B. Soapure
451,B4 Brands
452,B4U Laboratories
453,Babe Essentials
454,Babeskin
455,Babo Botanicals
456,Babu
457,Baby Ammens
458,Baby Bare
459,Baby Bat Beauty
460,Baby Magic (Naterra International)
461,Baby Mantra
462,BabyBoo
463,babybulles
464,BabyChakra
465,Babydoll Cosmetics
466,BabyFORTE
467,Babytime!
468,Bacana-Skincare
469,Back To Earth Skin
470,Back To Normal
471,back@one
472,Backstage Make-up
473,backtothelandlab
474,Bad Habit
475,Bade Natural
476,Badecanlar Şefkatli Kozmetik
477,BadGal Lash
478,Baene Bathing Essentials
479,Bahini
480,Baie Botanique
481,Baims
482,Bain De Terre (Henkel)
483,B’Airie Beauty
484,Bakel
485,Balance Organically
486,Balanced Guru
487,Bali Body
488,Bali Boo
489,Bali Secrets
490,Balmy
491,Bambini Furtuna
492,Bamboo Smiles
493,Bambu 7 Soap Co.
494,BANBU – Zero Waste Brand
495,BANDI Cosmetics
496,Banjara’s
497,Baproy Bitkisel
498,BAR NONE
499,Bar Raw Beauty
500,Bara Cosmetics
501,Bardot Vegan Beauty
502,Bare Anatomy
503,Bare Bones Body Care
504,Bare English & Co.
505,Bare Necessities
506,Bare Organics
507,Bare Pits
508,Bare Republic
509,Bare Skin Bar
510,BareEarth
511,BareFace Cosmetics
512,Barefaced Beauty
513,Barefruit
514,bareMinerals
515,Bariani Body Care Products
516,Barkz
517,Baron Bishop Parfums
518,Baron Bright
519,Barony Beauty
520,Barr
521,BARREL AND OAK (Designworks Investments)
522,Barrier Body Wash
523,BARRY M
524,Bartholomew Sisters
525,Bartpracht
526,Base Beauté
527,Base Coat
528,BASE LAB
529,Base Skin
530,Baseblue Cosmetics
531,Bashía Cosmetics
532,basic
533,Basic Beauty
534,Basic Ink
535,Basic Vigor Nutraceuticals
536,Basin
537,Bath By Bettijo
538,Bath Haus Body Pty Ltd
539,Bath Island
540,"Bath Petals, Inc."
541,Battle Green
542,BATTUS
543,Baudelaire
544,Baumebastic
545,Bawaw
546,baybies
547,Bayla Skin
548,Baylis & Harding
549,BayWest Skincare
550,BB Lifestyle LLC
551,bBold
552,Be A Bombshell Cosmetics
553,Be at One
554,Be Aurora
555,Be-blum
556,be Chom Chom Rusgrin LLC
557,Be Green Bath and Body
558,be green – be better
559,Be Humane
560,Be Kashvi
561,Be Natural Cosmetics
562,Be Natural Organics
563,Be. On Vegan
564,Be Simple
565,be tanics
566,Be Well Company
567,Beach House Group
568,Beach Organics Skin Care
569,Beach Street
570,Beany
571,Bearded Coast
572,Beaubble
573,"Beaumont Products, Inc."
574,Beautaniq Beauty
575,BEAUT.E
576,Beaute Affair
577,Beauté Wise
578,Beautenotions
579,Beautifek
580,Beautiful Earth
581,Beautiful Movements Cosmetics
582,Beautiful Souls Aligned
583,Beautiful Wish
584,BEAUTIFULSCENTS
585,Beautisol
586,Beauts
587,Beauty 21 Cosmetics
588,Beauty 4 Fun
589,Beauty Bakerie Cosmetics
590,Beauty Bay
591,Beauty Bliss Cosmetics
592,Beauty Brand X
593,Beauty By Stony
594,Beauty Concept
595,Beauty Creations
596,Beauty Disrupted
597,BEAUTY DREAMS COSMETIC SERVICES
598,Beauty Foot Cosmetic
599,Beauty For Real
600,Beauty Glam
601,Beauty Icon Cosmetics
602,Beauty in the RAW
603,Beauty Influence Brands
604,BEAUTY-K
605,Beauty & More (NTS İÇ VE DIŞ TİCARET ITRİYAT SANAYİ ANONİM ŞİRKETİ)
606,Beauty Perspectives
607,Beauty Pie
608,"Beauty Plus Global, Inc."
609,Beauty Pro
610,Beauty Quest Group
611,Beauty Sanctuary Cosmetics
612,Beauty Science UK
613,Beauty Society
614,BEAUTY TOOLS (Empresas DBS)
615,Beauty Treats
616,Beauty Without Cruelty Products for North American Customers
617,"Beauty Without Cruelty (UK, Europe, & Rest of World)"
618,BeautyBio
619,beautyblender®
620,BEAUTYCOLOR (Bonyplus Cosmetics Industry)
621,BEAUTYLOPE Pure & Vegan Halal Cosmetics
622,BeautyRx
623,BeautySoClean
624,BEB Organic
625,BeBella
626,beBIO
627,Because Animals
628,Bedenno
629,Bedrock and Bloom
630,Bee Beauty (Gratis)
631,BEE-OCH Organics
632,BEECAUSE
633,Beecology
634,Beefayre
635,BeeFriendly Skincare
636,Beekman 1802
637,Bees Brilliance
638,Beesline
639,BeeSweet LipBalm
640,Beettan
641,BEEVIBE LAB
642,Being Frenshe Hair Wellness
643,Being Frenshe (Maesa)
644,BEL Corporation
645,BELA BERE VIEIRA CARDOSO COSMETICOS
646,Belegenza
647,Beleza Naturais
648,Belflora
649,Belico
650,Believe
651,Bell
652,Bella & Bear
653,Bella Forever
654,Bella Jane Organics
655,Bella Lina Bath
656,Bella Luccè
657,Bella Michelle
658,Bella Organics
659,Bella Skin Boutique
660,Bella Vi
661,Bellabaci
662,Bellami
663,Bellamianta
664,Bellaroma
665,Bella’s Luvbar Butter
666,Bellati Naturals
667,belle & bianca
668,Bellemer Laboratory
669,Belle’s Botanicals
670,Bello Cosmetics
671,BEMYFLOWER
672,Ben & Anna
673,Benecos (Cosmondial)
674,Benevo
675,Benevolent Skin
676,Benton
677,Bergamia
678,Berry Be Beauty
679,Bésame Cosmetics
680,Besiata Beauty
681,Besix
682,Bespoke Europe
683,Bestowed Essentials
684,BeSweet Creations
685,Bétèrre Skin+Care
686,Better Nature
687,Better-Natured
688,Bettina Cosmetics
689,Bex Beauty
690,Beyer & Söhne
691,Beyond Cosmetics
692,Beyond Nutrition
693,Beyond Resilience
694,BH Cosmetics
695,bhab (YULAO)
696,B&Heal
697,Bhumi Makeup Brushes
698,Bia
699,Biblian (Beautynk)
700,BIDALLI BEAUTY
701,BIECHO Seoul
702,Bielenda
703,Biggs & Featherbelle
704,Biimil Body Skincare
705,BIKAR ALAM
706,Billbergia Nature Products LLP
707,BILLIE
708,Billy Jealousy
709,Bingo Cosmetic Manufacture Ltd.
710,Bio Creative Labs
711,Bio Ionic (BBI)
712,Bio-Kleen
713,Bio Pac
714,Bio Radiata
715,Bio Sakure
716,Bio-T
717,Bio Takara
718,Bio-Therapeutic
719,BioBella
720,BIOBRANDS
721,BioClarity (Adigica Health)
722,Biocoiff
723,BIOCOS INC
724,Biocosmética Jénak Chile
725,Bioetyc
726,Biofilia
727,Biogar
728,Biogen Biotics
729,"Biogime International, Inc."
730,Biokleen
731,Bioland
732,Biolao Cosmetics
733,Bioleila Cosmeticos
734,biolys
735,BIOMADIKA – AROMADI KA
736,BioMakeup
737,Bionova
738,Biophile
739,Bior Organics
740,Bioreline
741,Biorenda
742,biOrganics
743,Bioscalp London
744,Biosecrets
745,Bioskin
746,Biosol Tech Corp
747,Biospen
748,Biossance
749,BiotechBeauty
750,Biotera (Henkel)
751,BioTerra
752,BIOTHECARY
753,Biotie
754,Biotone
755,Biotonique
756,Biotop Professionals Products
757,Biotulin
758,BIOTURM
759,Biovaj
760,Biovene Cosmetics
761,Biozenthi
762,BIRCH LIP BALM
763,Birch3
764,BIRCHROSE + CO
765,Birdbath
766,BIRKENSPANNER (Biocraft Naturprodukte GmbH)
767,Birthstone Scents
768,Bishop Botanicals
769,Bisou Bisou Skin
770,Bite Beauty
771,Bite Toothpaste Bits
772,BIW BIW
773,Black Chicken Remedies
774,Black Country Balsam
775,Black Dahlia
776,Black Girl Sunscreen
777,Black Label Cosmetics
778,Black Magic Concepts
779,Black Moon Cosmetics
780,Black Radiance
781,Black Robin
782,Black Sheep Organics
783,Black Tai Salt Company
784,Black Tie Cosmetics
785,Blackwood™ For Men
786,BLANK
787,BLANLAC
788,Blaq
789,BLATTKULTUR
790,Bleach London
791,Blend14
792,Blessed Beauty
793,Blessed Projects
794,Blessure Serum
795,Bleu Lavande
796,blinc
797,Blind Fragrances
798,Bliss
799,Bliss Delights
800,bliss of earth
801,Bliss of Greece
802,Blissby
803,Blissful Essentia
804,Blissoma
805,blk Cosmetics
806,BLOCALLY
807,BLONDME (Henkel)
808,Bloom
809,Bloom and Blossom
810,"Bloom Bioscience, Inc"
811,BLOOM UP (PT. Ritual Mahakarya Cosmetica)
812,BloomCoast
813,Blooming Lotus
814,Bloomtown
815,Blossom & Leaf Soap Emporium
816,Blu Ink Nail Lacquer
817,BLUE AYA (Naza Rio)
818,Blue Beautifly
819,Blue Moon Candles
820,Blue Rose Dermocosmeticos
821,Bluerock
822,Blueseeds
823,BLUESKY Nails
824,Bluety
825,BluLyte
826,Blum Organics
827,Blur London
828,Blush Artisan Cosmetics
829,BlushBee Organic Beauty
830,Blushed by Blush Bar
831,Blushed by Vicki
832,BM Beauty / BM Skin
833,Bo Buggles
834,BO Cosméticos
835,Bo-Po Nailpolish (Worx Toys)
836,Bo Stegall
837,BOB Inc.
838,Bob’s Red Mill
839,Boca Rosa Company
840,Bodhi + Sol
841,bodisafe beauty(Garden Art Innovations)
842,BODIWERK
843,Bods + Bubs
844,Body B Beautiful
845,Body Be Silk
846,Body Bistro
847,BODY BY BELLA
848,Body Collection
849,"Body Crystal, Inc."
850,Body Essence
851,Body & Face St Cyrus
852,Body Scentsations
853,Body4Real
854,Bodyceuticals Organic Bodycare
855,Bodyenrich
856,BodyHonee
857,bodynew
858,Bodyography (Robanda International)
859,Boeccure
860,Bohemian Plant Based Products
861,Boka
862,Bold For Men
863,Bold Uniq
864,Boldface Makeup
865,Boldify
866,Bolena Fx
867,Bolero
868,Bolt Beauty Limited
869,Bomba Curls
870,Bombom
871,Bon Ami/Faultless Starch
872,BONA FIDE beauty lab
873,Bonbodi
874,Bonbon
875,Bondi Sands
876,BondiBoost
877,BondiChic
878,Bonita Cosmetics (NONO Cosmetics)
879,Bonivias
880,Bonji
881,Boo Bamboo
882,Booda Organics
883,BOOM by Cindy Joseph
884,Boombrush
885,booni doon
886,Boosh
887,Bootiful Anti-Cellulite Firming Cream (KOZMOKLINIK KOZMETIK)
888,Bophie
889,Born Biotics
890,Born Skincare
891,Borneo Candle Studio
892,Boscia
893,BosleyMD
894,Boss Lady Cosmetics
895,Bossy Cosmetics
896,Boston Baked Bonz
897,Boston Creations
898,Botani
899,BOTANIC HEARTH COSMECEUTICALS
900,BOTANICA AUREA
901,Botanica Skn
902,Botanical Republic
903,Botanical Skin Works
904,Botanicala
905,Botanicary
906,Botanie Soap
907,Botanii Organic
908,Botanika
909,botanik cosmetica natural
910,Botaniq Formulations Limited
911,BOTAVIKOS
912,BOTAVO
913,BOTÉNOR
914,Boticario Group
915,Bottlegreen
916,Boudica
917,Boulder Baby Co
918,Bounce Curl
919,Boutique England
920,BoxyCharm
921,BPerfect Cosmetics
922,BR Naturals
923,Brand Architekts
924,Brand For My Son
925,Brand With A Heart
926,Brandcare
927,Branding Boulevard
928,Brandless
929,Brave Planet
930,Braver Beauty
931,Bravo Raw Diet
932,BRAYE
933,Brazen Cosmetics
934,Breathe Botanicals
935,Brew City Botanicals
936,Brian Blessed
937,Brianna’s Handmade Soap
938,BRICK
939,Bridge House
940,Brillant Silver White (DHS Marketing)
941,BRITE
942,Brite Organix (The Department of Brands)
943,Britory
944,Brittanie’s Thyme
945,BRNZ GLRY
946,Bronze Tan
947,Bronzed Envy
948,BronzeEra
949,Bronzie
950,Bronzo Sensuale
951,BROO
952,Brooklan Tree
953,Brotege
954,BROWLY Care
955,Brown Bag Botanicals
956,Bruno Pasqualato Oy
957,Brush Addict
958,Brush On Block
959,BrushBox
960,BRYAN & CANDY
961,BRYT Skincare
962,"BS-Mall (Foshan Jieruimei Makeup Co., Ltd)"
963,"BS Mall (Foshan Jieruimei Makeup Co., Ltd)"
964,BT THERA (BTBIOTHERAPEUTICS)
965,bü brands
966,Bua Organics
967,Bubble & Bee Organic
968,Bubble Land
969,Bubble Shack Hawaiian Soap Company
970,BubbleOff!
971,Bubbles Galore
972,Bubbly Moon Naturals
973,Bubs and Scrubs
974,Bubuia Cosméticos
975,Buck Naked Soap Company
976,Buckaroo Organics
977,Buckley & Phillips Aromatics
978,Buddha Beauty
979,Bueno Meditech
980,Buff Bomb Bar
981,Buff Experts
982,Buff Products
983,BugMace
984,BUHBLI ORGANICS
985,Bullenbees Skin Care
986,Bulles&baume
987,Bumble and Bumble (Estee Lauder)
988,Bumer Beauty Products
989,bumpcology
990,Burt’s Bees (Clorox)
991,But10ns Creations
992,Butter Angels Handcrafted Skin Care
993,butter LONDON
994,Butterwhips
995,ButWhy?
996,Buxom
997,By Bente AS
998,By Dr Vali
999,By Ecological
1000,By K
1001,By Noussou
1002,By Playground
1003,By Robin Creations Vegan Skin & Body Care
1004,BY VITA MEDIKAL
1005,By Wishtrend
1006,BYBI
1007,BYENA Beauty
1008,Bynd Skin
1009,ByNoor
1010,BYO MAKEUP
1011,BYOIL
1012,Byoma
1013,BYRANA
1014,Byrde + the b
1015,BYROE
1016,Byron Bay Bronze
1017,Byron Bay Skincare
1018,BYS Cosmetics
1019,Babyicon (Cosmedia Kozmetik)
1020,Bastille Parfums (ESTER)
1021,Bionike (ICIM INTERNATIONAL)
1022,BLP BEAUTY (PT Lizzie Parra Kreasi)
1023,BOYZZ ONLY (QNaturals Holdings)
1024,C & Co.®
1025,C2P Pro
1026,Cabrillo Club LLC.
1027,CADIVEU PROFESSIONAL
1028,Caeran
1029,CAF Labs
1030,Cake Beauty (Marc Anthony)
1031,Caked Makeup
1032,CALDERA+LAB
1033,Calgon
1034,California Baby
1035,California North
1036,California Pure Naturals
1037,California Tan
1038,Callidora Cosmetics (Verdandi Group)
1039,Callista Beauty
1040,Cally Cosmetics
1041,Calpharma
1042,Camassia ECO
1043,Camille’s Closet
1044,CamoCare
1045,CAMPUS BLOSSOM
1046,Candle Warmers(B & B Acquisition)
1047,Candles with a Cause
1048,CANDY x PAINTS
1049,Cane and Bliss
1050,CaniSource
1051,Canna Crown Limited
1052,Cannabliss Organic
1053,CannaCare Health
1054,CannaSmack
1055,CANNI AMERICA
1056,Cannuka
1057,CanPort
1058,Canway
1059,Capelli by Monash
1060,Capilatis
1061,CARE Natural Beauty
1062,Care4MyNails
1063,carehair
1064,Carelia Petits Natural Care
1065,Careté
1066,CARI Nutrition
1067,Caribbean Tan
1068,Carina Corporation
1069,Caring Compounds
1070,Carlson Laboratories
1071,Carol’s Daughter
1072,Caronlab Australia
1073,CarversIndia Trades
1074,CaryO
1075,CASA OCHO SKINCARE
1076,Cash & Co.
1077,Casida
1078,Castelbel
1079,Castle Rock Essential Products
1080,Caswell-Massey
1081,Catrice
1082,Caupe Cosmetics
1083,Caveman Naturals
1084,CBD Life
1085,CBDfx
1086,CD Körperpflege
1087,Cebra ethical skincare
1088,Cedar Creek Essentials
1089,Ceela Naturals
1090,CEÏBO Cosmetics
1091,Celavi
1092,Celeb Luxury
1093,CELIANA
1094,Celina Blush
1095,Celladix
1096,Cellar Door Soap
1097,CelleClé
1098,Cellogica
1099,Cellu-cup
1100,Centro Kozmetik
1101,CÉON by BRAUN Experts GmbH
1102,Ceramiracle
1103,Ceremonia
1104,CERM
1105,Ceu Beauty
1106,Ceuticoz
1107,Cezanne
1108,Cha Cha Noi
1109,CHáA Wellness Spa Concepts
1110,CHALLO BEAUTY & SKIN
1111,Chameleon Art Products
1112,Chameleon Sun
1113,Chāmpo
1114,Change Diapers
1115,Change Now! (Green Family)
1116,Chantecaille Beauté
1117,Chantic Home
1118,Char Cosmetic
1119,Charlemagne Barber Ventures
1120,Charlotte by Charlotte Russe
1121,Charlotte Cook Cosmetics
1122,Charlotte’s Bum Butter
1123,Charly Baron Mineral Cosmetic
1124,Charmacy India
1125,Chasin Rabbits
1126,Chasin’ Rabbits
1127,CHE FIGO COSMETICS
1128,Cheekiesoaps
1129,Cheeky Maiden Soap
1130,CheekyRub & CheekyCaress limited
1131,Chef Clean
1132,Chella
1133,Cheluvu Naturals
1134,Chemist at Play
1135,Cher
1136,Cherry Blooms
1137,Cherry Culture
1138,Cherry Essentials
1139,Chez Lapin
1140,Chi Chi Cosmetics
1141,Chibeke Cosmetics
1142,Chic Bean (Pink Espresso)
1143,Chica
1144,Chit Chat
1145,Chitocure
1146,Chlorophylla
1147,Cholayil Pvt. Ltd
1148,Chongqing Yanshiyin Cosmetics Co.
1149,Chris Farrell Cosmetics
1150,Chrislie Formulations
1151,Christen Dominique
1152,Christina Fitzgerald
1153,Christine Marie Cosmetics
1154,Christine Valmy
1155,Chroma ID (Henkel)
1156,CHU Aromatherapy
1157,CHUNKYBEE
1158,Ciaté
1159,cicé safer skincare
1160,CIEL Skincare
1161,CILLA
1162,Cilt1 Kozmetik
1163,Cinagro Bath and Body
1164,Cinema Secrets
1165,Circlogy (Bangagan cosmetics)
1166,CIRCLY
1167,CIS International
1168,Cisse Cosmeticos
1169,"Citra-Solv, LLC"
1170,Citrine Skincare
1171,Citrus II (Beaumont Products)
1172,Citrus Magic (Beaumont Products)
1173,City Beauty
1174,City Color Cosmetics
1175,Civant Skin Care
1176,CJ Essentials LLC
1177,CJ Olive Young Co
1178,CJP Beauty
1179,CL Cosmetic
1180,Claene
1181,clariSEA
1182,Clarisma Beauty
1183,Clark’s Botanicals
1184,Claudipia Inc.
1185,"Clavé Body Care International, Inc."
1186,C.Lavie Cosmétiques
1187,Claws by Tiger Taylor
1188,Clay And Glow
1189,Clay Lotus
1190,CLAYCO Cosmetics Pvt.
1191,Clean Age
1192,Clean Beauty Collective .
1193,Clean Coconut
1194,Clean Kids Naturally
1195,Clean Machine
1196,Clean Skin Club
1197,CleanClean
1198,CleanerAll
1199,cleanjourney
1200,CleanLife Products (No Rinse Laboratories)
1201,Cleanlogic Body Care
1202,Clear Conscience
1203,Clear Light-the Cedar Company
1204,Clearly Basics
1205,ClearSPF (Suntegrity Skincare)
1206,Cleen Beauty
1207,CleenCare
1208,Clemantines soap & more
1209,Clemedy
1210,Clémence et Vivien
1211,Cleo Noir
1212,Cleo&Coco Natural Body Care
1213,Clever Beauty
1214,Cleverfy Beauty
1215,Cleyo
1216,Clientele
1217,Cliganic
1218,Climb On Products
1219,CliqOnU
1220,Clove + Hallow
1221,CLT International
1222,Club 92 by Slatkin + Co.
1223,CMD Naturkosmetik
1224,cn innovations
1225,CNC Since 1971 (Stephie & Joe)
1226,CNFN (Brand Hatchers)
1227,C.O. Bigelow (L Brands)
1228,CO. by Colgate
1229,Coastal Classic Creations
1230,Coats
1231,Cobi Dryer Sheets
1232,CoCaBee
1233,Coco and Pearl
1234,Cocoa Brown
1235,Cocoa LaBear
1236,Cocoa Pink
1237,Cocokitty Beauty
1238,Coconut Health & Healing
1239,Coconutty Ltd.
1240,Cocoon Apothecary
1241,Cocooning Care
1242,Cocunat
1243,Code 8 (NCBA)
1244,CODE Beautiful
1245,Codi International BV
1246,"Codi N Codi, Inc."
1247,coeur de beauté
1248,COFRE CÓSMICO
1249,Cokor Zone (Buykorea International)
1250,COL-LAB
1251,COLAB
1252,Colbert MD Skincare
1253,colibri cosmetics
1254,Collagreen (Blend Republic)
1255,Collectif Beauty
1256,Collinge & Co
1257,Color Dept
1258,Color Me Beautiful
1259,Color Me Shade
1260,Color My Image
1261,Color Oops
1262,Color Space
1263,Colora
1264,Colorbar Cosmetics
1265,Colorevolution
1266,Coloris Cosmetics
1267,COLORISI
1268,Colormake
1269,Colormates Cosmetics
1270,ColorProof Evolved Color Care
1271,Colour by DB
1272,Colour by TBN
1273,Colour Intense
1274,Colour Junkie Cosmetics Limited
1275,Colour Me Bronze
1276,Coloured Raine Cosmetics
1277,"Coloured Raine Cosmetics, LLC"
1278,Colourette Cosmetics
1279,ColourPop Cosmetics
1280,Columbia Cosmetics Manufacturing
1281,Colure Hair Care
1282,Comeitto
1283,Comette Cosmetics
1284,Community Cosmetics
1285,Community Goods
1286,Completely Bare
1287,Complex Beauty
1288,COMPTOIR DES LYS
1289,Conair
1290,Concept Now Cosmetics
1291,Concrete Minerals
1292,Confident Beauty
1293,Confira Labs
1294,Conscious Choice
1295,Conscious Cosmetics
1296,Conscious Skincare
1297,Consita Beauty Products
1298,Consonant Skincare
1299,Contact Sports Soap
1300,Contuel
1301,Coola Suncare
1302,Cooltiva
1303,Copaïba
1304,Coppelo
1305,CORAL Skin Care
1306,CORANIA
1307,Core Home
1308,Corganic
1309,Corinda Couture
1310,Cornwall Brands
1311,Corpa Flora
1312,CORPUS
1313,Corrective Skin Care
1314,Cortex USA
1315,Cos Pro Labs
1316,COSANEA
1317,Cosfly Cosmetics
1318,COSLYS
1319,COSMAU
1320,COSMED COSMECEUTICALS
1321,CosMedix
1322,Cosmetic Junction
1323,COSMETIC SECRETS
1324,Cosmetica Natural Kuyay
1325,Cosmética Natural Ngen
1326,Cosmetica Nicolé
1327,Cosméticas Panal
1328,Cosmeticon
1329,Cosméticos Naturales Spa
1330,Cosmétiques Étymologie
1331,Cosmetiques France Laure
1332,COSMETIX UNLIMITED INC
1333,Cosmetria
1334,Cosmevia
1335,Cosmic Nutracos
1336,Cosmic Tree Essentials
1337,"COSMILA (JT Co., Ltd.)"
1338,COSMOLEA
1339,Cosmolive Kozmetik
1340,Cosmopharma
1341,COSMOPOLITAN
1342,Cosmunique (Ayurata)
1343,Cosphera
1344,Costa Brazil
1345,COTE COSME
1346,Cotton On
1347,Cotton On BODY
1348,Country Comfort
1349,Country Goddess
1350,Country Save
1351,CountryPet Pet Food
1352,Coutiver
1353,COVAC Beauty
1354,Cover FX Skin Care
1355,Cover’d Supplements
1356,CoverNatural
1357,Covix
1358,Coyam
1359,Crabtree Lane
1360,Craftamo
1361,Crandles
1362,Crayola Beauty
1363,Crazy Cat Lady ™ Concoctions
1364,Crazy Color (Professional Beauty Systems)
1365,Crazy Owl (Anisia Consumer Care)
1366,"Crazy Rumors, LLC"
1367,CREAM CO
1368,CREAM WHIPPING CREAM
1369,Creative Soul Cosmetics
1370,Creme Supreme (Henkel)
1371,Creo Care
1372,CRETE
1373,Crimson Catz
1374,Crisania Neri
1375,Cris’s Blends
1376,Cristyboom Cosmetics
1377,Crowd Culture
1378,"Crown Royale, Ltd."
1379,Cruelty Free Girls
1380,"Crystal Bar Soap, Inc."
1381,CRYSTAL Mineral Deodorants
1382,Crystal Nails UK
1383,Crystal River Soapworks
1384,Crystal Wellness Company
1385,CTFO
1386,Completone
1387,Cuccio Naturale
1388,Cuerpa
1389,Cult51 Ltd
1390,curata
1391,Curezma Pharmaceutical Solutions
1392,Curl Appeal Beauty
1393,Curl Collection
1394,CURLS (BBI)
1395,Curls N’ Lengths
1396,Curly Mermaid
1397,Custom Candle Co.
1398,Cute Bunny
1399,Cutiepaw
1400,CUTIGEN LABORATORIES Inc.
1401,CutisBio
1402,CVC Lab (JL International)
1403,CW BEGGS & SON (Groupe Marcelle)
1404,Cycles of Life
1405,CYKLAR
1406,CYLN Global
1407,CYRÈNE
1408,Cyrene
1409,Cenee (Hybré)
1410,CHB COSMÉTICOS
1411,Camia
1412,Cuidado
1413,CosmoLab
1414,Dabur
1415,Daby
1416,DADO SENS (Börlind)
1417,Dafna’s Personal Skincare
1418,Dahrum International
1419,DAHUER
1420,Dailus
1421,Daily Defense
1422,Dakota Biotech
1423,DaLish Cosmetics
1424,Dalla
1425,Dallas Manufacturing Company
1426,Damiva
1427,Damn Good Beauty
1428,Dancing Dingo
1429,DANDAN
1430,Dandelion
1431,Danmarks Dufte
1432,DAPOP Argentina (Tinu SRL)
1433,Darcy’s Botanicals
1434,Dare Lashes
1435,Dare to be Young
1436,Darklight Beauty
1437,das boep
1438,Dashbo
1439,Dashing Diva
1440,Daughter Earth
1441,David Essentials
1442,Daycell
1443,Dayla Cosmetics
1444,Daylily Paris
1445,DAYS SKINWEAR
1446,DayTox
1447,DB Designer Brands Cosmetics
1448,DBS Basics (Empresas DBS)
1449,DBS Cosmetics (Empresas DBS)
1450,D&C Organics
1451,DE BLANC (REBORN)
1452,De Castañas y Amores
1453,Deadly Sins Cosmetics
1454,Dear Dahlia
1455,Dear Katie Brown
1456,"Dear, Klairs"
1457,Dear Me (San-0-Mants Healthcare)
1458,Dearest Fannie
1459,DEAUTY Skin
1460,DEBBY (DeborahGroup Spa)
1461,Deck Of Scarlet
1462,Deconstruct (Baypure Lifestyle)
1463,DedCool
1464,Dede
1465,Deep Steep
1466,Deepa Lashes
1467,DeeVee
1468,Defenderm (360 Perspective Inc.)
1469,DefineMe Fragrance
1470,De’Flora
1471,defy & INPIRE
1472,DEFY Labs
1473,Deinde
1474,Delavie Sciences
1475,Delia Organics
1476,Delicate Daisys Botanical Beauty
1477,Delightful Botanicals
1478,delilah
1479,Della e Delle
1480,Delta Dental of Kentucky (Delta Choice Holdings)
1481,DeLys d’Eden
1482,deNatura s.r.o.
1483,Dental Delight
1484,DENTAL-Kosmetik
1485,Deodorant Stones of America
1486,derma-e Natural Bodycare
1487,Derma France
1488,Derma Geek
1489,Derma Glove
1490,Dermabien
1491,Dermablend
1492,Dermadeli
1493,DERMAdoctor
1494,dermaFIT (EX Healthcare Inc.)
1495,DERMAGE
1496,DERMagic Skin Care for Animals
1497,DERMAGIUS
1498,DermakidsLab Co.
1499,Dermalogica (Unilever)
1500,Dermaloop
1501,Dermamular
1502,DermaPharm
1503,Dermaquest
1504,Dermarose Skin Revitalized
1505,Dermaspa
1506,Dermatologic Cosmetic Laboratories
1507,Dermelect Cosmeceuticals
1508,DERMO
1509,DERMOCRACY (Dermocratic Brands Lab)
1510,DermOrganic Laboratories
1511,Dermotechnic Beauty Systems
1512,Dermova
1513,Dermpix
1514,Desert Essence
1515,DesertPea Skin Care
1516,Design Essentials
1517,Designer Brands Cosmetics
1518,Designer Lashes
1519,Design.ME
1520,DESIGNROOT
1521,Designworks Investments
1522,Desinchá
1523,Destin Skin by EMony Destine
1524,Destiny Boutique
1525,Deutsche Kosmetikwerke
1526,DevaCurl (Henkel)
1527,Devance Cosmétiques
1528,DeveloPlus
1529,Devinah Cosmetics
1530,Devita Natural Skin Care
1531,Devonine Skincare (Hyun and Company)
1532,Devoted Creations
1533,DEW MIGHTY
1534,Di Menegotto
1535,Dialect Fragrances
1536,DIAM BEAUTY
1537,Diamond Drunk (Toy Box Brands)
1538,Diana’s Naturkosmetik
1539,"Dickinson Brands, Inc."
1540,Dicky (Tan London)
1541,Die Kosmetikbude
1542,Die Kräuter Magie
1543,Dieteticos Intersa SA
1544,DIFIABA
1545,Dimension Nails
1546,Dimpleskins Naturals
1547,Dingonatura
1548,DINNÉ Cosmetics
1549,Diora Kimya
1550,Dirt Products
1551,DirtyBird Energy
1552,Disguise Cosmetics
1553,Dishu
1554,Disrupt Skincare
1555,Disrupting Beauty
1556,Disruptor London
1557,Distribuidora Alün SpA
1558,Distribuidora Breas
1559,Divas Never Age
1560,Divas on Fleek
1561,Dixie Bits
1562,Diyar
1563,Djerf Avenue
1564,DKCOS
1565,DLS Cosmetics
1566,DN Cosmetiques
1567,DNA Cosmetics
1568,Dobner Kosmetik
1569,DOCTOB
1570,Doctor Landon
1571,Doctor Rogers
1572,Doctors Landon and Zhang
1573,Dog e Katz Innovations Inc.
1574,DOG IT YOURSELF
1575,Dog Nature
1576,Dogchies
1577,DOG’S LOVE
1578,DOG’S LOVE / CAT’S LOVE
1579,DOGS VEGAN
1580,Dolce & Gabbana Beauty
1581,Doll 10 Beauty
1582,dollface
1583,Dollylocks Organic Products
1584,DollyMoo
1585,Dolphin Organics
1586,Domaine du Cèdre
1587,dome BEAUTY
1588,Donna Marie Beauty Products
1589,"Don’t Panic, I’m Botanic (Henkel)"
1590,doonails
1591,Doori Cosmetics
1592,Dora Jean Cosmetics
1593,Doriana Cosmetics
1594,Dose of Colors
1595,Dossier
1596,Dosso Beauty
1597,Dosy7
1598,Dot Dot Dash
1599,Dot & Key Skincare
1600,Double B Tailored Beauty
1601,Double Dip
1602,Doucce
1603,Douces Angevines
1604,Dova Natural Perfume
1605,Dove (Unilever)
1606,Doxel Pet Care
1607,"Dr. A.C. Daniels, Inc."
1608,Dr. Alkaitis Organics
1609,Dr. Arsy
1610,Dr. Base
1611,Dr Batra’s Positive Health Products
1612,Dr. Berrettini’s Mendocino Minerals
1613,Dr. Botanicals
1614,Dr. Brandt Skincare (Cosmetic Dermatology)
1615,Dr. Bronner’s Magic Soaps
1616,Dr.Dana Beauty
1617,Dr. Danton
1618,Dr. Denese
1619,Dr. Dennis Gross Skincare
1620,DR Department
1621,Dr. Dewy
1622,Dr. Emi Arpa Skin
1623,Dr.Gentle
1624,Dr. Glam
1625,Dr. Goodpet
1626,Dr. Harvey’s
1627,Dr. Hauschka Skin Care
1628,Dr. Hess Products
1629,DR IRENA ERIS
1630,Dr. Jacobs Naturals
1631,Dr. Jon’s Handcrafted Soap Co.
1632,Dr. Ken’s (Floss & Go)
1633,Dr. LEVY Switzerland
1634,Dr. Nina Skin
1635,Dr. Oh
1636,Dr. Orga (The Cypress Beauty Laboratory)
1637,Dr. Organic
1638,Dr. PAWPAW
1639,Dr. Perry Skindustries
1640,Dr. Rashel (PP Consumer)
1641,Dr Roebuck’s
1642,Dr. Sager’s HomeoTherapeutics
1643,Dr. Savon
1644,Dr. Severin
1645,Dr. Sharp Natural Toothpaste
1646,Dr. Singha’s Natural Therapeutics
1647,Dr. Spray’s
1648,Dr. Squatch
1649,Dr. Tippelt & Kunze
1650,Dr. Tung’s
1651,DragonMarin
1652,Dragun Beauty
1653,Dragun Beauty
1654,Drainbo
1655,DRAPHÉE
1656,DraussenImFreien
1657,DR.HC
1658,Dread Head HQ
1659,Dream Hair Keratin (Pro Beauty Cosmetics)
1660,DreamCatchers
1661,Drew’s Honeybees
1662,Dropwise Essentials
1663,Dr.’s Remedy Enriched Nail Care
1664,Drugstore
1665,DRUIDE
1666,Drunk Elephant
1667,dryclub
1668,Drylock Technologies
1669,Duaderm
1670,Dual-Shave
1671,Dubois Beauty
1672,DUET
1673,DUFTE Manufaktur
1674,Duhmo
1675,dulce miel
1676,Dulexir
1677,Dunamiss Cosmetics
1678,Duo-Soft
1679,DuoLife
1680,duross & langel
1681,Duša
1682,DUŠA & KAMEN
1683,Dust & Glow
1684,"DuWop Cosmetics, LLC"
1685,DÜZÉ
1686,Dvie Ltd
1687,Dwell 212 by Slatkin + Co.
1688,Dylan’s Pet Food
1689,"Dynamite Marketing, Inc."
1690,DYP COSMETHIC
1691,Dlux Professional (JL International)
1692,Defiance Beauty by Nechami
1693,Elm Organics Norway
1694,E. Burnham Cosmetics
1695,E-SKIN
1696,Each & Every
1697,Ealu (C&S Innovation)
1698,EarPro
1699,EarSox
1700,Earth Alive Clean Technologies Inc.
1701,Earth Breeze
1702,Earth Calling
1703,Earth Conscious
1704,Earth Friendly Products
1705,Earth Harbor
1706,Earth Love Cosmetics
1707,Earth Mama Angel Baby
1708,Earth Origin
1709,Earth Scents
1710,Earth Science
1711,Earth Science Naturals
1712,Earth Solutions
1713,Earth Spirit Natural Home
1714,Earth Vibes
1715,Eartha Botanicals
1716,Earthangel Soaps
1717,Earthbaby
1718,Earthbath
1719,earthi ayurveda
1720,Earthium Organic Lifestyle India
1721,Earthly Body
1722,Earthnicity Minerals
1723,Earth’s Beauty
1724,Earthwise
1725,Earthwise Beauty
1726,EarthyBlend
1727,East Amber
1728,East Palace
1729,ebioNat
1730,Ecce Homo Sari
1731,Ecco Bella Botanicals
1732,ECHOstore
1733,Eco By Sonya
1734,Eco Chic Chick
1735,Eco Concepts
1736,Eco-DenT International
1737,Eco Design Company
1738,Eco Diva Natural
1739,Eco Dogs and Cats
1740,Eco-fin
1741,Eco Le Pont
1742,"Eco Lips, Inc."
1743,Eco Living Store
1744,Eco-Me
1745,ECO  Minerals
1746,ECO. Modern Essentials
1747,Eco & more
1748,Eco Orange
1749,Eco Sanitizer
1750,Eco Tan
1751,EcoBe (JK COS CO)
1752,EcoCompounds
1753,Ecoflora Cares
1754,EcoFox
1755,Ecokiss
1756,Ecologic Cosmetics
1757,Ecologica Skin Care
1758,Ecom Cosmetics
1759,Ecoombú
1760,Ecoplast Plastik Ambalaj
1761,Ecoshampoo
1762,ecostore
1763,ecoStore USA
1764,Ecosystem Laboratoire
1765,EcoTools
1766,Ecover (SC Johnson)
1767,EcoVibe Skin
1768,EcoWera
1769,EcoYou
1770,Ecozone
1771,EDEN BodyWorks
1772,Eden Organyx
1773,Eden Perfumes
1774,Edens Garden’s Essential Oils
1775,Edible Beauty
1776,eeny meeny
1777,EF Skincare
1778,EFM Skinscare
1779,"EGFOLOGY Co., Ltd."
1780,egh-Pharm
1781,egreeno
1782,EGUZ-BO INC.
1783,Egyptian Magic Skin Cream
1784,Eh-Maaya
1785,Eigard Essentials
1786,EIGHTH COLOR
1787,Eilish Billie Eilish
1788,Einhorn
1789,Ekanek
1790,EKOEH BRASIL
1791,Ekokimya
1792,ekoWorx
1793,El Amore Oak
1794,El Boticario de Vane
1795,El Girasol Mágico
1796,El Sol
1797,Elate Clean Cosmetics
1798,Elave Skincare
1799,Eleccio
1800,Electric Body
1801,Elegant Trio Colors Corporation
1802,Eleman Beauty
1803,Elemental Pick
1804,Elementary
1805,Elemento Mineral
1806,ELEPHAS (Connected Beauties)
1807,ELEVEN AUSTRALIA
1808,ELEWA Natural
1809,E.L.F. Cosmetics
1810,Elgine
1811,Elidor (Unilever)
1812,Elin Bianco
1813,EliRose Skincare
1814,ELIXIR beauty by Ashley Mandell
1815,Elixery
1816,Elixir de Flora (Nema Kozmetik Sanayi ve Ticaret Anonim Şirketi)
1817,Elixir Treatments
1818,Elizabeth Grady Face First
1819,Elizabeth Jane Natural Cosmetics (EJNC)
1820,Elizabeth Mott
1821,Elizabeth Van Buren Aromatherapy
1822,Elizza Garden
1823,ella+mila
1824,Ellana Mineral Cosmetics
1825,Ella’s Botanicals
1826,Ella’s Eve Cosmetics
1827,Elle Polish
1828,Elli K Park
1829,Elline Switzerland
1830,Ellingwood Soap Company
1831,Ellis Brooklyn
1832,ELLIS FAAS Cosmetics
1833,Ellovi
1834,Ellus and Krue
1835,Elme
1836,Eloise Beauty
1837,Eloken Perfumes
1838,ELON Nail & Skin Essentials
1839,ELUCX
1840,ELÜM SPA
1841,Elume
1842,Elwenn Cosmetics
1843,Elysium
1844,Elysius
1845,Emajne
1846,EMANI
1847,Embellish Skin Care
1848,EMBLÁ
1849,Emerald Forest (Natural Tropix Corporation)
1850,Emerge (Grupo Emerge)
1851,Emerita
1852,Emesh
1853,Emily Skin Soothers
1854,Eminence Organic Skin Care
1855,Emma Beauty
1856,Emma Jean Cosmetics
1857,Emma Lewisham
1858,Emmbros Overseas Lifestyle
1859,Emolyne Cosmetics
1860,Emporio Naranja
1861,Emporio Natural
1862,Emporio Organika
1863,Empress Me Cosmetics
1864,Empty Ave
1865,Emtage Beauty
1866,Énamour
1867,ENBAN TOKYO
1868,EncLifestyle
1869,Encore Soaps
1870,Energie Fruit (Beaute Resort)
1871,Enessa Organic Skin Care
1872,Enfusia
1873,Engelshaut Cosmetics
1874,English Rose Cosmetics
1875,Enlite
1876,Enphasis
1877,Envyderm Cosmetics Company
1878,Enya
1879,EO Products
1880,EOLIA COSMETICS
1881,Eora Brasil
1882,EOS Products
1883,Episencial
1884,EQ LOVE Cosmetics
1885,EQQUALBERRY
1886,Equator Pure Nature
1887,Equinature
1888,Equus Mare
1889,Era Organics
1890,Ere Perez Natural Cosmetics
1891,ERIK KENED PROFESSIONAL
1892,Erin’s Faces
1893,Erleia
1894,ERUi Cosmetics
1895,Eruslu Hygienic Products
1896,Erzulie® Natural Cosmetics (Progress In Health)
1897,E’s Garden Naturals
1898,eSalon
1899,eScential Wellness
1900,Esei
1901,Esensi Botanical Skincare
1902,ESHO Pharma
1903,Eskapharma Sag. Ur. ve Koz. San. Tic. A.S
1904,Espaçolaser
1905,Especially Hair
1906,Espigas
1907,Espinache
1908,Espíritu del Bosque
1909,ESQA
1910,Essanté Organics
1911,Esse Organic Skincare (The Esse Trust)
1912,essence
1913,Essence Nail Studio
1914,"Essence of Vali, Inc."
1915,Essencial Organics
1916,essenciel
1917,Essentia Beauty
1918,Essential 3
1919,Essential Aroma
1920,Essential Blommor
1921,Essential Oil Company
1922,Essentioils
1923,Esspire Limited
1924,Estelle & Thild
1925,Estrella Fugaz
1926,Esutras
1927,ESW Beauty
1928,ETAMINE DU LYS
1929,État d’esprit
1930,Etern’l
1931,Ethereal
1932,Ethereal Beauty
1933,Ethica Beauty
1934,Ethical Body
1935,Ethical House
1936,Ethical Living LTD
1937,Ethical Zinc
1938,Ethically Organic
1939,Ethiko
1940,Ethique
1941,Etico
1942,Etude Outdoor
1943,Eugène Perma
1944,Eunoia
1945,EUREKACOS
1946,European Perfume Works Co.
1947,European Wax Center
1948,Eva Jenae Naturals
1949,EVAANA WELLNESS
1950,Evalian Beauty
1951,Evande Facial Care
1952,"Evanger’s Dog and Cat Food Co., Inc."
1953,Eve & Rose
1954,Eveline Cosmetics
1955,Evelyn Iona Cosmetics
1956,Everblue
1957,"EverBrands, Inc."
1958,everdrop
1959,Everdry
1960,Everen
1961,Evergreen Consumer Brands
1962,Every Body Ltd.
1963,Every Man Jack
1964,Everybodi
1965,Everyday Esthetics
1966,Everyday Happy
1967,Everyday Humans
1968,Everyday Minerals
1969,EVERYDAZE
1970,Evian Facial Spray
1971,Evio Beauty Group
1972,evo labs
1973,EVOKE THE ELEMENTS
1974,EVORA
1975,EVYAP EVCİL
1976,EWBO
1977,Experimental Perfume Club
1978,Extraordinários Luxo Natural
1979,Exuberance International Inc.
1980,Eye of Love
1981,Eyeko
1982,EYEMIMO
1983,Eyes On You
1984,epielle (Kareway)
1985,Empress (SOKI FRAGRANCES)
1986,Fable & Mane
1987,Fabric
1988,Fabuluzz
1989,Faccia
1990,FACE Atelier
1991,Face Cult
1992,Face Halo
1993,Face Haus
1994,FACE IT NATURAL
1995,Face Natür
1996,Face Reality
1997,FACE Stockholm
1998,FaceCase
1999,Faces Canada
2000,FACES OF FEY
2001,Facetheory
2002,Facile
2003,Factorie (Cotton On)
2004,Factory Road
2005,FAE Beauty
2006,Fair and Flawless
2007,Fair Squared
2008,Fairy Girl
2009,"Faith Products, Ltd."
2010,Fallene
2011,Fancicion
2012,"Fanciful Fox, The"
2013,Fantastic Hairdresser Products Ltd.
2014,FantastiKa
2015,Fares Group
2016,FÄRG
2017,FARIA NATURALS SAC
2018,Faridah Ajmal Perfumes
2019,Farm Dog Naturals
2020,Farmaervas
2021,Farm&Co
2022,FarmHouse Fresh Goods
2023,FARMIC
2024,Farmstead Apothecary
2025,Fascinar
2026,Fashion Cosmeticos
2027,FastFill Pack
2028,Fatale Skincare
2029,FATBOY PRODUCTS
2030,FATCO
2031,Fate & Folly
2032,Fattore
2033,Fattore
2034,Faultless Starch/Bon Ami
2035,Faux Features
2036,fave4 haircare
2037,Favor Care Organics
2038,Fawwnity
2039,F&Co
2040,FeelClean
2041,Feito Brasil Cosmeticos
2042,Felps Professional
2043,FEMICURA
2044,Feminesque
2045,Feral Cosmetics
2046,FERI Flawless (GWT Corp.)
2047,Fernanda Petrizi Makeup
2048,Fernberry (Little Green Ferns Limited)
2049,Ferro Cosmetics
2050,Fetch…For Pets!
2051,Fetchgreen (VANSH ENTERPRISES)
2052,Fevour Cosmetics
2053,FEY Cosmetics
2054,FFØR Haircare
2055,Fieldtrip
2056,FiiLiT Parfum du Voyage
2057,Filabé
2058,Filigree Parfums
2059,Finally Pure
2060,Finchberry Soapery
2061,FINE Deodorant
2062,Fine Oils
2063,Fineau Basics
2064,Fiona Stiles Beauty
2065,FíOR Mineral Cosmetics
2066,FIORE (Rifaah Botanicals)
2067,Fire & Ashes
2068,Firooz Company
2069,First Aid Beauty
2070,Fit Kit
2071,Fitne (Logocos)
2072,Fitogaia
2073,Fittydent
2074,FiveLVS
2075,Fivesso
2076,Fix My Curls
2077,Fizz & Bubble
2078,Flanerie Skincare
2079,Flavie Richard
2080,Flawco Australia
2081,Flawless
2082,Fleabusters/Rx for Fleas
2083,Fleur de Point
2084,Flickable
2085,Floke
2086,flor cordillerana
2087,Flora Belleza Natural
2088,FLORA MAIA COSMÉTICOS
2089,Floral Street
2090,Floral Theory
2091,Floralia Organics
2092,florapothecarie
2093,Floratropia Paris
2094,Florence By Mills
2095,"Florere, Inc."
2096,Floresencia
2097,Floresta
2098,Florida Salt Scrubs
2099,FLOSLEK
2100,FLOWER
2101,Flower Essences of Fox Mountain
2102,Flowery Whiff
2103,Flurifresh (Alphamed)
2104,Flux Botanicals
2105,FLUX Undies Ltd
2106,Flying Baby SDN BHD
2107,Flying Squirrel Co.
2108,Flying with Air
2109,FNBrilliant
2110,Foamie
2111,FOLKESSENCE
2112,Folly Fire
2113,Fontella Cosmetics
2114,For All Dog Kind
2115,For-me
2116,For My Kids
2117,For Your Nails Only
2118,Fora Limited
2119,Forage Candle
2120,Forage Soaps
2121,Forest Heal INC.
2122,Forest Herbs
2123,Forest MD
2124,Forest Nymphs
2125,FORETDERM
2126,Forever Botanical Limited
2127,Forever Flutterings
2128,Forever Liss
2129,Formation Skincare (The Beauty Collective)
2130,Formula 10.0.6
2131,Formula Pura
2132,Formula X
2133,ForPro Professional Collection (TNG Worldwide)
2134,Forza de Vie
2135,Foster Naturals
2136,Fouka Organic Cosmetics
2137,Found Coffee
2138,Four Cow Farm
2139,Four Trees
2140,Fourth Ray
2141,Foxier Hair Company
2142,foy (Dr. Collins)
2143,FOYO (SNS TRENDSS)
2144,Fragile Cosmetics
2145,från krämer
2146,Franche Chiral Skin Care
2147,Frangipani Body Products
2148,Frank Body
2149,Frank & Rose
2150,Franklin & Whitman
2151,Fraser Research Labs
2152,FRÉ Skincare
2153,Frederika Make
2154,Free of…Bath & Body Care
2155,Freeda Vitamins
2156,FREEDOM Naturals
2157,Freeman Beauty
2158,Freeman Beauty
2159,Frella International
2160,frescent
2161,Fresh Face Skin
2162,Fresh Monster
2163,FRESHITY
2164,FREY
2165,Freya Botanica
2166,Friends of Nature
2167,FROM MOLLY WITH LOVE
2168,From Nina
2169,From Plants Beauty
2170,FROMVEDAS
2171,Frontier Natural Products Co-op
2172,Frownies (B&P Company)
2173,Fruble
2174,Fruit of the Earth
2175,Fruit Works England
2176,FRUITYBASKET
2177,Frula Beauty (The Clean Beauty Company)
2178,FRUU
2179,Fudge
2180,Full Mellow Cosmetics
2181,Full Unicorn
2182,FULLY FYNE
2183,FULSER KOZMETİK
2184,FUN Girl Nail
2185,F.U.N Lacquer
2186,Fün & Rayen
2187,Function of Beauty
2188,Fundamental Earth
2189,Fun’Ethic
2190,Furlove
2191,FURRMATE
2192,Furry Naturals
2193,Furtuna Skin
2194,Fusion Body Art
2195,Future Skin
2196,F.Y.N Professional
2197,Fysha
2198,"Fyve, Inc."
2199,Forest Essentials (Mountain Valley Springs)
2200,FLOVICHE
2201,G Colors
2202,G HAIR COSMETICS
2203,"G1 BIO Co.,Ltd"
2204,"Gabriel Cosmetics, Inc."
2205,Gaelle Organic
2206,Gaffer & Child
2207,Gaia Retreatment
2208,Gaia’s Melanin Shield
2209,Game Beauty
2210,Gamsung Global
2211,Garbo & Kelly
2212,Garden Botanika
2213,Garden City Essentials
2214,Garden Girl
2215,Garden of Life
2216,Gardenia Rose
2217,Garmon Corporation
2218,Gasm Cosmetics
2219,Gass Cosmetics
2220,Gauche Beauty
2221,GBH
2222,GCVM COSMETICS
2223,GDS Marcas
2224,Geekyclean
2225,Gelish
2226,GEL.IT.UP Greece
2227,Gelstory
2228,Geltor
2229,Gemstone Organic
2230,GENDECODE
2231,GENEBODY BOTANICALS
2232,GENIE THE BOTTLE
2233,Gentlemen’s Tonic
2234,Genuine Glow
2235,Geologie Cosmetics
2236,Georganics
2237,George Haircare
2238,Gerlindenaturals
2239,Geti Cosmetics
2240,Ghostwriter Holdings
2241,Giella
2242,Gigibee Beauty
2243,"Gilden Tree, The"
2244,Gimme Lash
2245,Ginger Lily Botanicals (TNG Worldwide)
2246,Ginger Milk Natural Care
2247,GINZAI
2248,GIO Cosmetics
2249,Giovanna Baby
2250,Giovanni Cosmetics
2251,Giraluna Cosmética
2252,Girlactik
2253,GIRLPALOOZA
2254,GIRLPOWER By Blush-Bar/Blush-Bar Brushes and Accessories
2255,gitti
2256,Give A Sht (Fitiki)
2257,Give Naturals
2258,Give Them Lala Beauty
2259,Giving Palette
2260,GKhair (Van Tibolli)
2261,GladGirl
2262,GLAM 35
2263,Glam and Glits
2264,Glam Factor (Empresas DBS)
2265,Glam Nails
2266,Glam Nation
2267,Glam Rock Nails
2268,Glamlite
2269,GlamOriginal
2270,Glamour Dolls
2271,GLAMRDIP
2272,Glamsquad
2273,Glaze
2274,Gleami Cosmetic
2275,Gleamin Inc.
2276,Gleer
2277,Glimmer Wish
2278,Gliss (Henkel)
2279,Glisten Cosmetics
2280,Glitter Moose
2281,Glitterized Life
2282,Global Beauty Care
2283,Glocurl
2284,Glorietta
2285,Glossmetics
2286,GLOV
2287,Glow Better
2288,Glow Ceuticals
2289,Glow Monster
2290,Glow Mood
2291,Glow Train Skincare
2292,Glow Vibes
2293,glowb
2294,Glowelle Skin
2295,Glowinc Potion (Royal Pesona Indonesia)
2296,Glowlab
2297,Glowlixir
2298,glowoasis
2299,"Glowtone (Lifestyle Brand Partners, LLC)"
2300,Glowy Kozmetik
2301,GLYDE Health
2302,GND Company
2303,GO SMILE
2304,Go-To Skincare
2305,Goatboy Soaps
2306,Godefroy (Innovative Beauty Products)
2307,GoEcoVita
2308,Golconda
2309,Gold-D
2310,Gold Haircare
2311,Goldee Bee
2312,Golden Door
2313,Golden Rose
2314,Goldfaden MD
2315,Goldwell Dualsenses (Kao Germany)
2316,Goldwin Products
2317,Goli Nutrition
2318,Good Chemistry (Illume)
2319,Good Dye Young
2320,Good Feeling Products
2321,Good Girl | Good Boy
2322,Good Hands Beauty
2323,Good Stems
2324,Good Stuff Co
2325,Good3
2326,GoodBasics  (TSF Group)
2327,Goodeau
2328,GoodFibers USA
2329,Goody (BBI)
2330,goodlifescience GmbH
2331,Goood Petfood
2332,goPure Beauty
2333,GÖRKİTO MAĞAZACILIK
2334,GoSelly (Spigen Beauty)
2335,GOSH Copenhagen
2336,Gosh Cosmetics
2337,Gourmet Body Treats
2338,Grabity Labs (Polyphenol Factory Company)
2339,Grace Cole…
2340,Grace Routine
2341,Grace + Tonic Botanical Beauty
2342,Gracie & Bella
2343,Grafton International
2344,Grande Cosmetics
2345,Grandma’s Natural Remedies
2346,Grangettes Switzerland
2347,Grateful Body Skin Care
2348,"Great American, The Wholefood Farmacy"
2349,Greatfill
2350,Green (INNMATS)
2351,Green Beauty Cosmetics
2352,Green Bee Botanicals
2353,Green Cure Wellness
2354,Green Destiny Beauty
2355,Green Forest
2356,Green Hare Mud
2357,Green Heads Sweden
2358,Green Keratin
2359,Green Line USA
2360,Green Olive Soaps
2361,Green Ritual Organics
2362,Greenboss
2363,GreenCocoon
2364,Greendoor
2365,Greenful Core Bio
2366,GreenOcto
2367,greenology
2368,GreenTripe.Com
2369,Gregory Dylan Skincare
2370,Griffus Cosmetics
2371,Grind Oral Care
2372,Grisi
2373,GRN – shades of nature
2374,Grounded Sage Skincare
2375,Grow Gorgeous
2376,Grown Alchemist
2377,Grupo Ravara
2378,GRWM Cosmetics
2379,GSS COSMETICS
2380,Guava Baya
2381,Guhl
2382,Guide Beauty
2383,Guidotti Cosmetics
2384,Guiltless Skin
2385,Guize Face FX
2386,Güldez Cosmetics
2387,Gunilla of Sweden
2388,Gush Beauty
2389,Gustavo Cosmetics
2390,GUVU Cosmetics
2391,Guy Vybe
2392,GWA (Girls With Attitude)
2393,Gymspell
2394,G&Z Organic Cosmetics
2395,Gulnar Handmade Soaps
2396,Glow on 5th
2397,H Salon LTD
2398,Habit Blends
2399,Habit By Day
2400,Habit Cosmetics
2401,Hada Luna Valparaiso
2402,Hair Food (Procter & Gamble)
2403,HAIR JAZZ
2404,Hair Rules
2405,Hair Work
2406,Hairitage
2407,Hairitage by Mindy McKnight
2408,Hairtamin
2409,HAJ TAHER MASRI
2410,HAKA Kunz
2411,Halal and Beautiful Healthy Vegan Cosmetics
2412,HALALLES
2413,Haleys Beauty
2414,"Halo, Purely for Pets"
2415,Halovida
2416,Hamel
2417,HAN Skin Care Cosmetics
2418,HANA Organic Skincare
2419,Hanalei Beauty Company
2420,Hand Over Heart
2421,HandMade Beauty
2422,Handmade by Samantha
2423,Handmade Heroes
2424,Handmade Natural Beauty
2425,Hands on Veggies
2426,HANDY SPA
2427,Hanhoo
2428,HANJAN (Summer Korea Corporation)
2429,Hannah Cho Beauty
2430,Hansim
2431,Happi
2432,Happi Hippo Plant Organics
2433,Happier Beauty(Hakkawise)
2434,Happy Blush
2435,Happy Dog Food
2436,Happy Ends Australia
2437,Happy Hair People (SLG Brands)
2438,Happy Hippo Bath Co
2439,"Happy Me Skincare (PEY Beauty and Health, LLC)"
2440,Happy Pet Days
2441,Happy Place
2442,Happy Skin
2443,Happy Skin Cosmetics
2444,Happy Spritz
2445,happybrush
2446,HappySkin
2447,Harbingers of a New Age
2448,Hareemistanbul  (Tls iç ve dış ticaret limited Şirketi)
2449,Harlo
2450,Harriet Herbery
2451,haruharu wonder
2452,Harvey Prince
2453,Has To Be Cosmética Natural
2454,Hashtag Brothers
2455,HASKELL COSMETICOS
2456,HATHOR Aroma Cosmetic
2457,Haus of Glas
2458,Haute X IV
2459,HautSinn Natural Cosmetics
2460,Hawaii Skin Treats
2461,Hawaiian Resources
2462,Hawaiian Tropic
2463,Hayat Kimya San A.S.
2464,Hayaty Natural
2465,HAYEJIN
2466,HC Care
2467,He-Shi Tan
2468,HEAD ID
2469,Heal Gel (Heal Care Products)
2470,Heal Yes!
2471,Healing Natural Oils
2472,Healing of 100 Things
2473,Healing Scents
2474,Healium Hair
2475,Health in Black
2476,Healthspecialty (Cosmolara)
2477,Healthy Glow
2478,Healthy + Happy Essentials (H&H Science)
2479,Hearte Beauty
2480,HeartMoon
2481,Heathcote & Ivory
2482,Heaven & Nature
2483,HEGI
2484,HEJ Organic
2485,Helicase Soapery
2486,Heliotrop (Logocos)
2487,Hello Hazel
2488,Hello Mom
2489,Hello Products
2490,Hello Simple
2491,Helmé
2492,Hemp Hemp Hooray
2493,Hemp.ca
2494,Hempur
2495,Henna Color Lab
2496,Henna Industries
2497,Henri Bendel (L Brands)
2498,Herb Island
2499,Herb Stop
2500,Herbaderm Natural Products
2501,Herbal Earth
2502,Herbal Essences
2503,Herbal Essentials
2504,Herbal Innovation Products
2505,Herbal Me
2506,herbal MINERAL
2507,Herbal Products & Development
2508,HERBAL STRATEGI HOMECARE PVT LTD
2509,Herbalistica Skincare
2510,Herbalix Restoratives
2511,Herbaliz
2512,Herban Cowboy
2513,Herban Lifestyle
2514,herbanluxe
2515,HERBATINT (Antica Erboristeria)
2516,HERBEAUTY
2517,Herbera Biocosmética
2518,Herbfarmacy
2519,Herbivore Botanicals
2520,herbloom
2521,Herbow
2522,Herbs and Bees
2523,Hercules Beard Co.
2524,Hercules Man
2525,Here We Flo Ltd
2526,Heritage Ventures
2527,Herla
2528,Herlum
2529,Hermann Gourmet Cosmetics
2530,heroine.nyc
2531,Hersteller Beauty
2532,HESH
2533,Hexaderm
2534,Hey Bud Skincare
2535,Hey Happy Human
2536,Hey Honey
2537,Hey Humans
2538,Heymountain Cosmetics
2539,Hi Peach Layne
2540,Hidden Cosmetics
2541,HIDDN & Co.
2542,hidry (DIE FORMEL)
2543,High Desert Pure
2544,High Endurance Cosmetics
2545,HIGHR
2546,Hillinger Cosmetics
2547,Hims
2548,hinok Life
2549,HipDot
2550,Hippy Heaven Natural Beauty
2551,Hippy Paste
2552,Hippy Pits Natural Deodorant
2553,HIRU Global
2554,His Care
2555,HiSmile
2556,HLC
2557,H&M
2558,"Hobé Laboratories, Inc."
2559,Hobby Products
2560,HOITO Kozmetik Sanayi ve Ticaret A.Ş.
2561,Hoke2
2562,HOLI COSMETIQUES NATURELS (C’EST DANS L’HAIR DISTRIBUTION)
2563,Holiday Honey Cosmética
2564,Holistic Highland Hemp
2565,Holler & Glow
2566,Hollywood Cosmetics
2567,Hollywood Glam Lux
2568,Holo Taco
2569,Holos Skincare
2570,HOLSKIN
2571,Holy Pit
2572,Home and Body Company
2573,Home Essentials (Brand Collective Limited)
2574,Homemade Betty
2575,Homestead Body
2576,HomeWorx by Slatkin + Co.
2577,Honesty Cosmetics
2578,Honey Belle
2579,Honey & CoCo
2580,Honey Girl Organics
2581,Honeybee Gardens
2582,HoneyChile HairLove
2583,Honeydew Products
2584,Honeymaru
2585,HONNES
2586,Honua Hawaiian Skincare
2587,Hoopla
2588,HOPERY
2589,Hopkins Development Limited
2590,Horace
2591,Hot Tot
2592,HOT TRESSES
2593,Hotel Soap
2594,Hothouse Botanicals
2595,Hourglass Cosmetics (Unilever)
2596,HOUSE OF FULLER
2597,House of Linnic
2598,House of Serums (Moss Devon)
2599,HOUSEBYLIM CO.
2600,HOWND
2601,HSNF
2602,HTO International
2603,HuckleWolf
2604,Hüed and You
2605,Hugel
2606,HUGGAH (Adaida İç ve Dış Ticaret Limited Şirketi)
2607,Huggle Snuggle
2608,Hugo Natural Products
2609,Huiles & Sens  (Laboratoire Centiflor)
2610,HUMIERE CO.
2611,Hund & Herrchen
2612,Hunnideux
2613,Huron
2614,Hurraw! Balm
2615,Hush Brands
2616,Hush + Dotti
2617,Hwajin Biocosmetics
2618,Hydra Skin Care SPA
2619,Hydrophil
2620,Hyeja
2621,Hygieia
2622,HYLUNIA SKINCARE
2623,Hymed Skincare
2624,Hynt Beauty
2625,Hyphen (Kreative Beauty)
2626,Hyssop Beauty Apothecary
2627,HYYGIA
2628,iroiro
2629,I AM Cosmetic
2630,I Am Selfcare
2631,I Dew Care
2632,I Love Katfood
2633,I Love My Muff
2634,I LUV IT
2635,I Woke Up Well Distributing
2636,IAT Hofen Gruppe
2637,Iba Halal Care
2638,ibeauty
2639,IBY Beauty
2640,IC Scandinavia AS
2641,Ícaro Importação e Exporta LTDA
2642,I.C.O.N.
2643,Iconic Bronze
2644,Iconic London
2645,Iconic Luxury Nail Color
2646,IDDA Collaborative
2647,Idee Pure
2648,identity1
2649,IDUN Minerals
2650,iGETU Botanicals
2651,IGXO Cosmetics (It Girl Beauty)
2652,iHeart Nature
2653,I+I Botanicals
2654,Il-Makiage
2655,Ilana Organics
2656,iLashuk
2657,iLevel Lab
2658,ili elua
2659,ILIKA
2660,ILK Parfum Ltd
2661,Illamasqua
2662,Illumai
2663,Illume Candles
2664,Illumi Cosmética Natural
2665,Illuminare Cosmetics
2666,illusion bath bombs
2667,ILONA
2668,ILUTINE
2669,iluvia
2670,I’m from
2671,IM HEALTHCARE
2672,i+m NATURKOSMETIK BERLIN GmbH
2673,I’m RENDEJAVOUS
2674,IMAANI Cosmetics
2675,Image Skincare
2676,Imagi-Make Up
2677,Imbue
2678,IMJA
2679,Immaculate Minerals (Images By Miriam)
2680,Impäkt Organic
2681,Impala Cosméticos
2682,Impel Pet Care
2683,Imperial Bioscience
2684,IMTEK (NoOdor.com)
2685,in Harmony
2686,In Your Face Cosmetics
2687,Ina Maka
2688,Inahsi
2689,INALA
2690,INAO inner & outer beauty by essence
2691,Inatur
2692,Inbiotech
2693,INCHI GOLD
2694,Inc.redible
2695,Indemne
2696,Indigena Skincare
2697,Indo Arts International
2698,Indrani Cosmetics
2699,Indus Valley
2700,Industrias T. Taio
2701,Ingenue
2702,Inglot Cosmetics
2703,Ingredients
2704,Ingredients Matter
2705,Ingreendients
2706,INIKA Organic
2707,Ink and Ocean Botanicals
2708,INK London
2709,Ink Nurse Global
2710,INK the original
2711,Inkas’ Balm
2712,INKED BY DANI
2713,INNBEAUTY
2714,INNER GAYA Herboristerie Artisanale
2715,INNISFREE
2716,Innocosma INC
2717,InnoNature
2718,Innova International
2719,Innovative Formulations
2720,Inoar
2721,INPURE SAGLIK URUNLERI VE KOZ
2722,Insane Perfumes
2723,Inside Skincare
2724,Insight Cosmetics
2725,INSIUM (DI LENARDO COSMETICS)
2726,InsolitBeauty
2727,InstaCure
2728,Instant Effects Ltd
2729,Instant Plant Food™ (Instant Biologics LLC)
2730,Instinctus
2731,Institut Claude Bell
2732,Institut’ DERMed Clinical Skin Care
2733,Intelligent Change
2734,Intelligent Elixirs
2735,Intense Formulas
2736,Inti Qori
2737,Inveda
2738,Invisibobble
2739,INVITY PTE LTD
2740,Invogue
2741,Inyva
2742,IONI COSMETICS (JON DAVLER INC)
2743,IPOTIVA
2744,Ipswich Bay Soap Company
2745,IQ Corp
2746,Irvine Skin Care
2747,Isabella’s Clearly
2748,Isagenix
2749,isfrom
2750,ishonest
2751,IsiCosmo
2752,Isla Apothecary
2753,Island Blush
2754,Island Joy Sugar Scrub
2755,ISLAND ORGANICS
2756,Isle Of Paradise
2757,ISOCLEAN
2758,Isshah
2759,iThrive Labs
2760,ITK
2761,ittse
2762,Iva Natura (Laber Kimya)
2763,Ixmucane Skin Care
2764,IXORA
2765,IYAC
2766,IZBA Nature
2767,IZI Beauty
2768,Izzy Beauty
2769,IROHA NATURE
2770,J Beverly Hills
2771,J Bloom Cosmetics
2772,J Lash (New World Beauty)
2773,Jabon Natural Company
2774,Jabones Art
2775,Jack and Jill Kids
2776,Jack Black
2777,Jacki’s Magic Lotion
2778,JACKS beauty line (JACKS beauty GmbH)
2779,Jack’s Soap
2780,Jackson Sage
2781,Jacq’s Organics
2782,Jade Lilly
2783,Jadu Beauty
2784,Jaid Skin
2785,JAM Cosmetics
2786,James Austin Company
2787,James Robert John
2788,Jamieson Laboratories
2789,Jane
2790,Jane Carter Solutions
2791,jane iredale – THE SKIN CARE MAKEUP
2792,JANMA CARE (BON NATURAL ORGANIC)
2793,Japi
2794,Jasmin Skincare Organics
2795,Jason Wu Beauty
2796,Jax and Cali
2797,Jax Wax
2798,JAYABHARATHAM AYURVEDA
2799,Jazmine Beauty
2800,JB Cosmetics
2801,JB Cosmetics SkinFit Skincare & Makeup
2802,JB Lashes
2803,JB&CO
2804,J.Cat Beauty
2805,JDEZ Beauty
2806,Jeanne Rose Aromatherapy
2807,JECCA MAKEUP
2808,Jeffree Star
2809,JEJU INDI
2810,Jentry Kelley Cosmetics
2811,Jersey Shore Cosmetics
2812,JESS
2813,Jess Beauty
2814,Jess’ Bee Natural Products
2815,Jesse’s Girl Cosmetics
2816,Jessica McClintock
2817,Jessicurl
2818,Jeste Cosmetics
2819,Jiinju Beauty
2820,Jillian Dempsey
2821,Jisul
2822,Jiudi
2823,JKosmmune
2824,JK Star Nails (Gellie & Jlac)
2825,JL Cosmética Natural
2826,J.Lynne Cosmetics
2827,Joe Blasco Cosmetics
2828,John Amico Expressive Hair Care Products
2829,John Frieda
2830,John Julia
2831,John Masters Organics
2832,John Tsagkaris
2833,Johnny Concert
2834,Johnny’s Chop Shop
2835,Joico (Henkel)
2836,Jojo Glow
2837,Jolen Creme Bleach
2838,Joli Natural Skin Care Products
2839,Jolie Vegan
2840,Jolifine
2841,Jolii Cosmetics
2842,JOOHRAH
2843,JOONYA
2844,Jordana Cosmetics
2845,Jordana Ticia Cosmetics
2846,Jordane Cosmetics
2847,Jorge de la Garza Make Up
2848,Jorgobé
2849,Joséphine Cosmetics
2850,JoShik Polish
2851,Josie Maran Cosmetics
2852,Joss+Lyn
2853,Journ Beauty
2854,Jovees Herbal
2855,JPNK
2856,"J.R. Liggett, Ltd."
2857,J.R. Watkins (Watkins Incorporated)
2858,JRP Global Enterprises
2859,JSL Essentials
2860,JSSCIENCE
2861,Ju Boo Naturals
2862,Juara Skincare
2863,Jubel Naturals
2864,"Juice Beauty, Inc."
2865,Juice Organics
2866,Juicy Chemistry
2867,Juka Cosmetic
2868,Juka d’Or
2869,Jukebox (Dr. Squatch)
2870,Julep Beauty
2871,Julian Rouas Paris Inc.
2872,Julie Labelle Beauté
2873,Julisa
2874,JUNGLÜCK
2875,JUNO & Me
2876,Jus Shanna
2877,Just Argan by Saha
2878,Just Be skincare
2879,Just Herbs
2880,Just One
2881,Just Peachy Cosmetics
2882,Just Skin Food
2883,Justine le Guil
2884,Juveniis
2885,JV Cosmetics
2886,JVATURE
2887,Jypesa
2888,John Paul Mitchell Systems
2889,Keravie Lash Loft
2890,Kindness Collective
2891,K-LOTUS BEAUTY (TYZ KOZMETİK)
2892,K Plus Enterprises
2893,KAASHI Ayurveda
2894,KAB Cosmetics
2895,KAFI BODY
2896,Kahuku Natural
2897,KAIA COSMETICS
2898,"Kaia Naturals, Inc."
2899,Kaibeauty Natural (Kairos Tarım Gıda Turizm Kozmetik Üretim ve Ticaret Limited Şirketi)
2900,Kaieteur Naturals
2901,Kaike
2902,Kairali Ayurvedic Group
2903,Kaja Beauty
2904,Kaleidoscope Cosmetics
2905,Kalentin
2906,Kallesi
2907,Kalliste Organics Inc.
2908,KALLOW COSMETICS (DXN GREECE)
2909,Kalo (Tribbu)
2910,Kama Ayurveda
2911,Kama Natural Soap
2912,KAMARKA
2913,Kampashan (EXCUREL)
2914,Kani Botanicals
2915,KANITÉ
2916,KANVAS Collections
2917,Kanvys Cosmetics
2918,Kapa Nui Nails
2919,Kapiva
2920,Kapua Naturals
2921,KAPULUAN
2922,Kara Beauty
2923,Karemi Cosmetics
2924,Karethic
2925,Kari Gran Skin Care
2926,Karibo Beauty
2927,Kari’T Care
2928,Karité Cosmética Slow
2929,Karite Cosmetica Slow
2930,Karité Organics
2931,Karity
2932,Karma Organic Spa
2933,Karma Organic Spa
2934,Karyng Skincare
2935,Kastenbein & Bosch
2936,Kat Burki
2937,KVD Beauty
2938,Katari
2939,Katavi Botanticals
2940,Kate Ryan Skincare
2941,Kate Somerville
2942,Kate’s Magik
2943,Katherine Cosmetics
2944,Kathority
2945,Katmandú
2946,Kaunis
2947,Kavella
2948,Kayori
2949,KBK Organic Beauty Kosmetics
2950,KBM Originalz
2951,Keeki Pure & Simple
2952,Keep In Touch
2953,Keffy
2954,Keila
2955,Keiqo
2956,Kelesta
2957,Kelley Quan New York
2958,Kelly Teegarden Organics
2959,Kelsen
2960,KENDO Beauty Group
2961,Kenia Beauty
2962,KENIAOS Beauty
2963,Kenic Pet Products
2964,Kenisha Handcrafted Natural Products
2965,Kenna Soap
2966,Kenra
2967,Kenra Professional (Henkel)
2968,Kept Non-Toxic Beauty
2969,KeraCare
2970,KeraCare (Avlon)
2971,Kerasilk (KAO)
2972,Kesha Rose
2973,Kess Berlin
2974,KESTAL
2975,Kester Black
2976,Kett Cosmetics
2977,KEVIN.MURPHY
2978,Key Brands International
2979,KeyCi
2980,Keys Soap
2981,Keys Soulcare
2982,Khadi Natural
2983,Khakis
2984,Khalm Skincare
2985,Kheoni
2986,Khor Cosmetics
2987,Ki Skincare
2988,Kia-Charlotta
2989,Kiara Sky Professional Nails
2990,KICK PEACH
2991,Kierin NYC
2992,KIKI GLOW
2993,Kiki London
2994,KILLSTAR
2995,"Kilted Suds, LLC"
2996,Kim & Kimmy
2997,Kimberly Sayer of London
2998,KimChi Chic Beauty
2999,Kimirica Hunter International LLP
3000,Kina Cosmetics
3001,Kind Beauty Collective
3002,KIND-LY
3003,Kind Organic
3004,Kinda Skincare
3005,Kindia Beauty
3006,Kindness Beauty
3007,Kindr Company
3008,King of Shaves
3009,Kings Grooming
3010,Kinky-Curly
3011,kinlu
3012,Kinvara Skincare
3013,KIPURA
3014,Kirby Beauty
3015,Kire Skin
3016,Kirei Cosmetics
3017,Kirk’s Natural Products
3018,Kisanii
3019,Kiss Products
3020,KIT & KIN
3021,Kiwi Botanicals
3022,Kiyora Beauty
3023,KIZO
3024,KJMCOSMETICS
3025,Klainoz
3026,Klar Seifen
3027,Klarif
3028,KLARITY KOSMETICS
3029,KLASS Cosmetics
3030,KLAU BEAUTY
3031,KLAXEN
3032,Klaxinn Tabs (Klaxen)
3033,KLCOS Inc. (OHWONDER)
3034,Klean Sweat
3035,KleanNara
3036,Kleem Organics
3037,Kleeneze
3038,Kleine Auszeit
3039,KLEO KOLOR
3040,Kleos and Klea
3041,KLM Cosmetics
3042,KLOME
3043,Kluuf
3044,KMS (Kao Germany)
3045,KNEMO
3046,KNOSPA
3047,Knotty Boy Natural Dreadlock Care
3048,Knours
3049,KNOW Beauty
3050,Know Better Pet Food
3051,KO Cosmetics
3052,Koa + Roy
3053,Koba Skincare Limited
3054,Koche
3055,KOHA Beauty
3056,Kohl Kreatives
3057,Koils by Nature
3058,KOKEBI Cosmetics
3059,Kokie Cosmetics
3060,Koko Chemistry
3061,KOKO HEMP
3062,Kokoa UK
3063,Kokokahn
3064,Kokoro Beauty and Lashes
3065,"Kokoro, LLC"
3066,KolorsbyK
3067,Koosh
3068,Koparo Clean
3069,Kora Organics
3070,Korah
3071,Kore Natural
3072,Korean Vegan Beauty
3073,KORIGIN CO
3074,Korporate Ltd
3075,Korres
3076,KOSEI INTERNATIONAL
3077,Kosette
3078,Kosmatology
3079,Kosmea Australia
3080,Kosmetics Lane
3081,Kosmétik by aurie
3082,Kosmolife
3083,Koum Inspirations
3084,KOURTNEY
3085,KPS Essentials
3086,Kradian Wolfies
3087,KRAPULE
3088,KRAVE BEAUTY
3089,Krazy Cosmetics
3090,KREMI BEAUTY
3091,Kreyòl Cosmetics
3092,Krijen Natural Products
3093,Kristin Ess Hair
3094,Kroll Cosmetics
3095,Krya Consumer Products
3096,Kryolan Professional Make-up
3097,KSA Jojoba
3098,Ksenija Pöllath
3099,KTW
3100,KUES Skin
3101,KULTURA ORGANIC
3102,KUMARI
3103,Kumari LLC
3104,Kumiko
3105,KUMO
3106,"Kund-In Biocosmetic Co., Ltd."
3107,Kunst Cosmetics
3108,Kure
3109,Kurlee Belle
3110,Kuro Sumi Tattoo Ink
3111,Kuru
3112,KU:S H&B. Co.
3113,Kushmanda Cosmetics
3114,KUXTAL
3115,Kyla Skincare (Frostbland)
3116,Kylie’s Professional
3117,Kym Pristal Pte Ltd
3118,KYN
3119,KYOOR
3120,Kypwell
3121,Kyraani
3122,Kyra’s Shea Medleys
3123,Kiro Clean Beauty
3124,Lisa Harris Skin Science
3125,Laboratoire CSBS-ODEMER
3126,lndexbe Corp.
3127,L’Occitane au Brésil
3128,La Beauté Image
3129,La Bella Pink
3130,La Bougie Herbivore
3131,La Bulle de Maryse
3132,La Chascon Cosmetics
3133,L.A. Colors (Beauty 21)
3134,La Ferrerr
3135,La Flora Organics
3136,La Folie des Senteurs
3137,LA FOURMI VERTE
3138,L.A. Girl (Beauty 21)
3139,La Haut Cosm’ethlques Naturels
3140,La Ishá
3141,La Jacinta
3142,La-Le
3143,La Maison Du Papillon
3144,La Marseillaise LLC
3145,LA Minerals
3146,La Mior
3147,La Natura
3148,La Perla Beauty
3149,La petite lavande (Angara d.o.o.)
3150,La petite main
3151,LA PINK
3152,La Quemisterie
3153,La Riche
3154,"La Rusalka Co.,Ltd."
3155,La Saponaria
3156,La Savonnerie du Nouveau Monde
3157,La Senza (L Brands)
3158,La Vie En Rose
3159,LabCare Cosmetics
3160,LABL no. 8
3161,Laboratoire B Blanche
3162,Laboratoire Beauterra
3163,Laboratoire Bio Colloïdal
3164,LABORATOIRE HIPPOCRATE
3165,Laboratoire In Gratia Herbarum
3166,LABORATOIRE INNOV’EFFETS
3167,Laboratoire INSPHY
3168,Laboratoire Nature
3169,Laboratoire Phyto-Actif
3170,Laboratoires Lea
3171,Laboratoires Roig
3172,Laboratorios Kev´s
3173,LABORATORIOS NOVADERMA S.A.
3174,Laborélle
3175,Laboté
3176,LACOCO EN NATURE
3177,LADAN WELLNESS
3178,Lady Burd Cosmetics
3179,Lady Godiva Beauty
3180,Lady Green (LYSEA)
3181,Lady of the Lake
3182,Lady Suite
3183,Laela Beauty Essentials
3184,LAFAYRE
3185,Laguna Lashes
3186,Laila London
3187,Laili Rose
3188,LAJAshley
3189,Lake & Skye
3190,Laki Naturals
3191,Lakmé (Unilever)
3192,Lakon Herbals
3193,LALARECIPE
3194,Lalabee Bathworks
3195,LalaLucia Fresh Beauty
3196,Laloirelle
3197,Laloo Cosmetics
3198,Lalyss Organic Creation
3199,Lamas Beauty
3200,Lamazuna
3201,LAMEL
3202,Lamina Animal
3203,Lamiya Beauty
3204,Lampert Chile
3205,Lan Cos
3206,Lanbelle
3207,Land Caring Inc.
3208,Land Of Beauty India
3209,Land of Lashes
3210,Lander
3211,Landy International
3212,L’anza Healing Haircare
3213,LAONSI
3214,LAPALLETE BEAUTY
3215,LAPERAS
3216,LaPurre
3217,Lard & Ashes
3218,Larger Than Lice
3219,Laritelle
3220,LaRocca Skincare
3221,Lash and Crown Beauty
3222,Lash Department
3223,Lash Dupe
3224,Lash Gravity
3225,Lash Locket
3226,LASHES IN A BOX
3227,LASHFOOD
3228,"LASplash Cosmetics (Jon Davler, Inc.)"
3229,Lather
3230,Latika soap
3231,Laura Lee Los Angeles
3232,Laura Sanchez Makeup
3233,Lauren Brooke Cosmetics
3234,Lauren Conrad Beauty
3235,LAURENA Cosmetipack e.K.
3236,Lavanila
3237,lavera Naturkosmetik
3238,Laveree
3239,LAVIDO
3240,Laviz Cosmetica
3241,LavLavLuv
3242,Lavoris
3243,LAW Beauty Essentials
3244,Lawrens Cosmetics
3245,LAZU COMERCIO DE COSMETICOS
3246,LBB Skin
3247,LC Productos
3248,LCB Cosmetiques
3249,LD & TH Trading Ltd
3250,ldogel
3251,ldrato Pro-Cosmetics
3252,Le Blanc
3253,Le Château du Bois
3254,Le chaudron à Plumes
3255,Le Fruit Cosmetics
3256,Le Jardin De Lilith
3257,Le Mieux
3258,Le moline
3259,le MOLY
3260,Le Prunier
3261,LE PURE
3262,Le Rouge Français
3263,Leac de-un veac
3264,LEAF DAILY CARE
3265,Leaf Eco Tattoo
3266,Leaf & Stem Naturals
3267,Leah Skin
3268,LeaLou
3269,Leap Organics
3270,Leaves Of Trees
3271,Led Laboratório de Evolução Dermatológica
3272,Lee-Chem Laboratories
3273,Lee Stafford
3274,Leeor Skincare
3275,Legacy – By Line
3276,Legendary Apothecary
3277,Leidy Causemetics
3278,LeikaNatur
3279,Lemon and Beaker
3280,Lemongrass Spa Products
3281,Lemonhead.LA
3282,LEMYKA Skincare
3283,Lemyn
3284,L’envie Parfums
3285,lenz Naturkosmetik
3286,LEO – Lavender Essential Oils
3287,Leometics
3288,Lepulse
3289,Lery Cosmetics
3290,Les Artistes de Nature
3291,Les Happycuriennes
3292,Les Huardises
3293,Les Naly
3294,Les P’tites Coquettes
3295,Less is More by brandhuber & trummer
3296,LeTellier Skincare
3297,Lethal Cosmetics
3298,LETIKA
3299,Level Naturals
3300,LEVEN
3301,Leveque Organics
3302,Levrana
3303,Lexagirl Naturkosmetik
3304,Lexli International
3305,Leyen
3306,Leyton House Professional
3307,LI Pigments
3308,Lian CINNAMON
3309,LIBELLELASH
3310,Libélula Natural
3311,LiBERTEDUO KOZMETiK VE KiMYA SAN.TiC.A.$
3312,Liberty Natural Products
3313,Licorone
3314,Liebe die Natur
3315,Life Choice
3316,Life Of Cosmetics
3317,Life Pharma
3318,Life Skin Care
3319,Life Tree Products
3320,Lifeplus
3321,Lifestyle In Green
3322,Lifetherapy
3323,Light Elegance
3324,Light Mountain Natural Hair Color
3325,Light Up Beauty
3326,liike butter
3327,LILAS BLANC
3328,Lilikoi Beauty
3329,Lilli Make
3330,Lillian Organics
3331,Lillydoo
3332,Lily Green Natural SkinCare(Dynamic Beauty)
3333,Lily Lolo
3334,Lily Organics
3335,Lily & the Apricot Natural
3336,Lime Crime
3337,LIMN Beauty
3338,LIMPETS organic grooming
3339,Linden & London
3340,Lindos Naturals
3341,Ling Skincare
3342,LinoGel
3343,Lip-Ink International
3344,Lip Smacker
3345,Lip4Slim
3346,Lippy Girl Cosmetics
3347,LipRevolt
3348,Lip’Shining Marketing
3349,Liquid Soap Products
3350,Lisa Goronga
3351,Lisa Hoffman Beauty
3352,Lisa Nail Lacquer
3353,Lisa Rabbit
3354,LISA RINNA
3355,Lisher Beauty
3356,Little Barn Apothecary
3357,LITTLE EXTRA
3358,Little Fillips
3359,Little Green
3360,Little Heaven Cosmetics (Smaragdus Pack)
3361,Little Innoscents
3362,Little Moon Essentials
3363,Little Owl Soap
3364,Little Pearl Cosmetics
3365,Little Peh
3366,Little Rituals (LUXE ORGANICA)
3367,Little Sleepy Head
3368,Little Twig
3369,Liv in Nature
3370,Liv Metta
3371,Livani Australia
3372,Live By Being
3373,Live Love Polish
3374,Live Native
3375,Live Radiant Original
3376,Live Ultimate
3377,Lively Up Your Breath
3378,Liv’Ez Co. – conscious skincare & wellness
3379,Living Lively
3380,Living Proof (Unilever)
3381,LivOliv Cosmetics
3382,Liz Corporation
3383,Llakolen
3384,LMP Santé
3385,LN Pro
3386,lndagare Natural Beauty
3387,LOA Nails
3388,Loa Skin Care
3389,Lobe Beauty
3390,LOBEY Laboratories s.r.o.
3391,Lobob Laboratories
3392,Loella Cosmetics
3393,Logona (L’Oreal)
3394,Lola’s Handcrafted
3395,Loma® Hair Care
3396,Londontown
3397,Long by Valery Joseph Haircare
3398,Lono Skin
3399,Look Good Feel Better (Bespoke Europe)
3400,LOOK TO GO e.K
3401,Looké Cosmetics
3402,Loop Cosméticos
3403,LOoPHA
3404,LOOPS Beauty
3405,Lopren
3406,Lorac
3407,LORACLE
3408,Lore Originals
3409,Loren’s 2 Scents
3410,LOT 1531 Cosmetics
3411,Lottie London
3412,Lotus Brands
3413,Lotus Garden Botanicals
3414,Lotus Love Beauty
3415,Lotus Moon Natural Skin Care
3416,Lou Lou Lips
3417,Loubaio
3418,Louis Widmer SA
3419,Loungeface
3420,LOUVE PAPILLON SWISS SARL
3421,L.O.V.
3422,LOVA NAIL SYSTEM
3423,Love and Green (Green Family)
3424,Love Beauty Alchemy
3425,Love Beauty and Planet (Unilever)
3426,LOVE IN A BOTTLE (ELOI COCO INTERNATIONAL)
3427,Love is More  by brandhuber & trummer
3428,Limonna
3429,Love it Pure
3430,Love Katie
3431,Love Nature LLC
3432,Love & Pebble
3433,Love Thy Make Up
3434,Love Wellness
3435,Love You First by REALHER
3436,LOVECHILD (House of Masaba)
3437,Lovee Beauty
3438,LOVEINK
3439,Lovelee Beauty
3440,Loveless Soap
3441,Lovely Day
3442,Lovely Lady Products
3443,Lovely MakeUp
3444,Love’nta Cosmetics
3445,Loving Naturals
3446,Lovo Organics
3447,Lowen’s Skincare
3448,Lower East Side Beauty
3449,LS Apothecary
3450,LTC Healthcare
3451,Luana Organics
3452,Lucci’s Childrens Grooming Supply LLC
3453,LuCeen
3454,Lucky Chick
3455,Lucky Scruff
3456,Lucky Tiger
3457,LÜK BEAUTIFOOD
3458,Luka Cosmetics
3459,Luma & Leaf
3460,Lumae Skin
3461,Lu&Me
3462,LUMETAN
3463,Lumi Beauty
3464,Lumin Skincare (Pangaea Holdings)
3465,LUMINAILS
3466,Luminess Air
3467,LUMIOCEAN
3468,LUNA by Lisa Jordan
3469,Luna Nectar Organics
3470,LUNA Organic Cosmetics
3471,Lunar Beauty
3472,Lunar Circle
3473,LUNARY
3474,LunatiCK Cosmetic Labs
3475,Lupa Skincare
3476,Luscious Cosmetics
3477,LUSH Cosmetics
3478,Lust Naked
3479,Lust Haircare
3480,Luu Nails
3481,Luv Mineral Cosmetics
3482,L’uvalla
3483,Luvia Cosmetics (Vico GmbH)
3484,Lux Aromatica
3485,Lux Tan Body Skin
3486,LuxaDerme
3487,Luxe and Nature
3488,Luxe Beauty
3489,LUXERA PARIS
3490,Luxie
3491,Luxiora Cosmetics
3492,Luxju Natural Hair Products
3493,LUXURY COSMETICS
3494,Luxx Lash
3495,LVX
3496,Lydia’s Organics
3497,Lyfe Tea
3498,Lynx (Unilever)
3499,LYS Beauty
3500,Lysea
3501,Lash Pop Lashes (Pop Cosmetics)
3502,LaGomme (Zafer Kan Kozmetik)
3503,MARQ LABS
3504,Moonshine (LAM COSMÉTICOS S.A.S.)
3505,Maison Jacynthe
3506,Millefee Co.
3507,M COLOR GEL
3508,M2U NYC
3509,M3K Beauty
3510,Ma Soirée
3511,Ma thérapie by Céline Julien
3512,Ma Vie Cosmetics
3513,MAA SPARSH
3514,Maate
3515,Macadamia Hair
3516,MACBELLA
3517,Macbrook & Co.
3518,MACK
3519,Maclaren North America
3520,MaCosmetoPerso (Laboratoire Centiflor)
3521,Mad Beauty
3522,Mad Hippie
3523,Madam CJ Walker
3524,Madam Glam
3525,MADE BBB
3526,Made By Wunder
3527,Made from Earth
3528,Made in Mi Casa
3529,Made in Youthland
3530,Made Simple Skin Care
3531,Mademoiselle Organic
3532,Madison New York Cosmetics
3533,Madluvv
3534,MAED
3535,Maëlle
3536,Maelove
3537,Maelys Cosmetics
3538,Maggie Anne Beauty
3539,Magic Leaves
3540,Magic Makeup
3541,Magic of Aloe
3542,MAGICSTRIPES
3543,MAGNITONE (HSNF)
3544,Magnolia
3545,magnolia flower
3546,Magpie Bath
3547,Mahima Beauty
3548,Mahina Beaute
3549,Mahogany Naturals
3550,Mai Johnson & Company
3551,Maia Mu Organics
3552,Maia’s Mineral Galaxy
3553,Maid Organic
3554,Maile Natura
3555,Maine Coast Herbals
3556,Maine Island Soap
3557,Maison 276
3558,MAISON DASSAM
3559,Maison de Chanvre
3560,Maison Louis Marie
3561,Maison Meunier
3562,Maison Visage Cosmetique
3563,Maison Zayt
3564,MaisoNovo
3565,Majen
3566,MAJESTIC PURE COSMECEUTICALS
3567,Majinye Cosmetics
3568,Major Loves (Royal Pesona Indonesia)
3569,Makai Cares
3570,MAKAI SKIN
3571,Makana Studios
3572,Make-up Actie
3573,Make Up & Make Out (Factorie)
3574,Makeup A Murder
3575,Makeup By Mario
3576,Makeup by Mer
3577,Makeup by Ryno Cosmetics
3578,Makeup Geek
3579,Makeup Weapons
3580,Making Makeup
3581,Mala od lavande (Angara d.o.o.)
3582,Malaai
3583,Malcolm’s Miracle
3584,Malia Hair
3585,Malibu Wellness
3586,Malin+Goetz
3587,Malu Biocosmetica
3588,Malva Cosmética Natural
3589,MalvaRosa Patagonia
3590,Mama Bee Soaps
3591,Mama Mio
3592,MAMA-SANGO
3593,Mama Zebra Cosmetics
3594,Mamabali
3595,Mamaearth
3596,Mamanecó
3597,MamaSuds
3598,"Mamaway One Co., ltd"
3599,Mammacomica
3600,Mammaglow
3601,Mammoth American
3602,Man’Stuff
3603,Manaya
3604,Mandré Skincare
3605,Manège Botanique
3606,Manetain
3607,Manic Panic
3608,ManiPure
3609,Mansarovar Holistic Pvt Ltd
3610,Manscape Supply Co.
3611,MANSCAPED
3612,Manta Hair
3613,Mantra Herbal
3614,Mantra Organics
3615,Manucurist
3616,Maple Holistics
3617,MARA Cosmetics (Imer Kozmetik)
3618,Maranta Power
3619,Marc Anthony
3620,Marcal Paper Mills
3621,Marcelle (Groupe Marcelle)
3622,MAREE
3623,MareLuna Essentials
3624,Maria Malki Cosmetics
3625,Maria Nila
3626,Maria Pomposa
3627,Maria Travi
3628,MARIAN HANNA
3629,Marie Hunter Beauty
3630,Marilyn Miglin Institute
3631,Marisol Paris
3632,Mark & Chappell
3633,Markazen
3634,Mark&Teams
3635,Markwins International
3636,Marlay Cosmetics
3637,Marley Natural Products
3638,Marlo Hydroponic Skincare ™
3639,MARLOWE
3640,Marock Company
3641,Mars Made
3642,Martina Gebhardt
3643,Maruderm Cosmetics
3644,Marula Beauty
3645,Marulala
3646,Maruva
3647,Mary Allan
3648,Mas Newen
3649,Masaison
3650,MASAMI hair care
3651,Masarrat Misbah Makeup
3652,MaskerAide
3653,MASKOHOLIC
3654,Maskscara
3655,MASS EDEN
3656,MASTEL
3657,Master Distributors
3658,Mastey de Paris
3659,Matana Skincare
3660,Matica Cosmetics
3661,Matkas
3662,MATRICARIA
3663,Maui Soap Company
3664,Mavericks
3665,MAVIOR BEAUTY
3666,"Max Green Alchemy, Ltd."
3667,Max & More
3668,Maxim Hygiene Products
3669,MAXMEDIALAB
3670,Maxus Nails
3671,MAY Organic Skin Care
3672,Maya Cosmetics
3673,Mayashanti Naturals
3674,MayBeez
3675,Mayie
3676,MAYME?
3677,Mayoress Cosmetics
3678,Mayskin (M.B. Products)
3679,Mazi Pure
3680,Mbeze
3681,"MBNTL (Mac-Bon Co., Ltd.)"
3682,M.BOHEME
3683,mCaffeine
3684,McArthur Skincare
3685,McKLords Ltd
3686,MCoBeauty
3687,MD Complete
3688,MD Formulations
3689,MD Natural Cosmetics
3690,MDacne
3691,MDee Nails
3692,MDhair
3693,Madeus Care (MDS DOĞAL KOZMETİK ÜRÜNLER TİCARET VE SANAYİ)
3694,MDSolarSciences
3695,Me in a minute
3696,Me Time Organics
3697,Meanail Paris
3698,MÈC COSMETICS
3699,Mechaly
3700,Medeau
3701,Medi-Peel
3702,Median
3703,MEDIQUITOUS
3704,"Mediterranean™ Tan, Wax & Beauty"
3705,Medusa’s Make-Up
3706,MEE Corp.
3707,M.E.G. Gottlieb Diaderma-Haus
3708,MegsMenopause
3709,Mei Yin Naturopathics
3710,Mélange d’Orléans
3711,Melanie Mills Hollywood
3712,Mélanie Pagliotti
3713,Melanoboost
3714,Melchior & Balthazar
3715,Melissa Weinberg Tanning & Beauty
3716,Melixir Skincare
3717,Melma İlac Kozmetik Sanayi Ticaret
3718,Mel Skin
3719,Melt Online Sales
3720,melumé skinscience (JK-International)
3721,Melvory Pty Ltd
3722,mem Cosméticos
3723,MÊME COSMETICS
3724,Meme Lashes
3725,MEMI
3726,Memoize Parfum
3727,MÉNER
3728,Menina & Mulher Cosmeticos
3729,Menowoman (Tan London)
3730,MEN’S FACES  (Beyond Brands)
3731,Men’s Natural Care Products
3732,Menteath
3733,Meow Meow Tweet
3734,Meow Minerals
3735,MERA Tiernahrung GmbH
3736,Meradya
3737,Meraki
3738,Mercedes Blends
3739,Merci Handy
3740,Mère Cie
3741,Meridian (Pangaea Holdings)
3742,Merindah Botanicals
3743,Merme Berlin
3744,Merry Hempsters
3745,MerryniceUSA
3746,MERS Razor Works
3747,Mersi Cosmetics
3748,Mesauda Milano
3749,Mesmara
3750,Method Products (SC Johnson)
3751,Metsä Cosmetics
3752,Metsäkosmetiikka Oy
3753,Meuse (W4 Management)
3754,Mexysol Cosmetics
3755,MEYKE COSMETICS
3756,Mezzo Dermocosméticos
3757,Mi-Me Handmade Bath & Body
3758,MIA BELLE COLLECTION
3759,"Mia Rose Products, Inc."
3760,Miau Lash
3761,MICARAA
3762,Michael Todd Beauty
3763,Michelle Beverly Hills
3764,Michelle Lazár International
3765,Micki Song Cosmetics
3766,Micro Beauty Essentials
3767,Midnight Paloma
3768,Midnight Scentworks
3769,Midori Family & Midoricide
3770,Miee
3771,MIFA and Co.
3772,Mighty No Bitey
3773,Mii Cosmetics (Gerrard International)
3774,Mikah Amsterdam
3775,Mila Beauté
3776,Mila Coco
3777,Milani Cosmetics
3778,Milcu
3779,Miles of Moisture
3780,milk + honey
3781,Mill Creek Botanicals
3782,Milla Skin Essentials
3783,Millenia Productions
3784,Mïlo Cosmetics
3785,MILU Cosmetics
3786,Minarett
3787,MINATA Skincare
3788,MINDFULELEMENTS
3789,Mindi Walters Skincare
3790,MINELA CARE (ELSACO DIS TICARET)
3791,Mineral Air (Ya-Man)
3792,Mineral X Factor Cosmetics
3793,Mineralissima
3794,Minerva108
3795,Mine.Tan.Body.Skin
3796,MINGAM BROS.
3797,Mini Bloom
3798,MinimLA
3799,"MINYA (Hanlab Co., Ltd)"
3800,Mionee
3801,Mirah Belle Naturals
3802,Mirenesse
3803,Misaki Soap & Co.
3804,Misbahce
3805,MISEICO
3806,Miskoka Beauty
3807,MisMacK Clean Cosmetics
3808,Miss Cire
3809,Miss Fame NYC
3810,Miss K Cosmetics
3811,Miss Mimz Lashes
3812,Miss Pet Cosméticos
3813,MISSHUNNY London Cosmetics
3814,MISTER KUTTER BEAUTY CARE
3815,Mitsuko
3816,Mitty
3817,MIX MY SHAMPOO
3818,Mix:Bar
3819,Mixed Chicks
3820,Miya Cosmetics
3821,MK Trading
3822,ML ARGANIA
3823,ML Delicate Beauty
3824,MO Nails
3825,MOB Beauty
3826,Mocha Whip
3827,ModaCapelli
3828,Mode de Vie
3829,ModelCo
3830,MODELROCK Lashes
3831,Modere
3832,Modern Hippie
3833,Modern Minerals Makeup
3834,Modicare
3835,MOEA
3836,Moerie Beauty (UAB “B COMPANY”)
3837,MOGI MOUSSE® (Brooklyn Funk Factory)
3838,Mohecan
3839,Moira Cosmetics
3840,MoisturColor
3841,Moitié Cosmetics
3842,Mojo Inc.
3843,Mom to Mom
3844,Môme Care
3845,MOMMA – Ministry of Mineral Makeup Australia
3846,Mommy Makeup
3847,MommyPure
3848,Mommy’s Bliss
3849,Momvedics
3850,Momwell Pure and Organic (VEPA KISISEL BAKIM VE KOZMETIK)
3851,Mon Shampoing
3852,MonaLisa Healing
3853,Monavé
3854,MONCOSMETIC S.L.
3855,MONDAY Haircare
3856,Mongdies (360 Perspective Inc.)
3857,Monika Blunder Beauty
3858,MONJOU
3859,Monpure
3860,Montagne Jeunesse
3861,Montlush Natural Skincare
3862,Moo & Yoo
3863,Mooi Cosmetics
3864,Mooi Natural Beauty
3865,Moon Mousse
3866,Moon Oral Care
3867,Moon Rivers Naturals
3868,Moonbow Skin LLC
3869,Mooncat
3870,Moonlit Skincare
3871,More Than Lips
3872,MOREBAC (CAGLAR FARMA ITRIYAT GIDA PET LTD.STI)
3873,Morgan Genus
3874,Moringa Emo
3875,Moringa for Life EPZ Ltd.
3876,Mormaii
3877,Morning Blossom Studio
3878,Moroccanoil
3879,Morrocco Method
3880,Mosaic Wellness
3881,Moss Botanicals
3882,Moss & Devon LTD Project Nutrition
3883,Mossii
3884,M.O.T.D Cosmetics
3885,Mother Dirt
3886,Mother Nature Cosmetics
3887,Motherlove Herbal Company
3888,Motif Beauty
3889,Mountain Girl Soap And Sundries
3890,"Mountain Ocean, Ltd."
3891,Mountain Spirit Botanicals
3892,Moxie Beauty (Beyoutiful Consumer Ventures Private Limited)
3893,Moyoko Professional
3894,Mr. Peanut’s Premium Products
3895,Mr. Smith
3896,Mrs Beaute
3897,Mrs. Meyers Clean Day (The Caldrea Company)
3898,ms. Artisan
3899,MSkin Pro
3900,Mt. Sapola
3901,MUA Makeup Academy
3902,Muddy Body
3903,MUDMASKY
3904,MudTabs (Klaxen)
3905,Muk Haircare
3906,Mulberry Skincare
3907,MULDREAM
3908,Mulgeo
3909,Mullein and Sparrow
3910,Multani Pharmaceuticals Limited
3911,MuMe
3912,MUN
3913,Mundo Botanica
3914,Murad (Unilever)
3915,Murphy’s Naturals
3916,Musenine
3917,Muskaan Makeup
3918,MUSQ PTY LTD
3919,Mutyne
3920,Muylinda Collection
3921,MVSingh Trading
3922,My Blend (Clarins of Paris)
3923,My Block Skin
3924,My Hair My Canvas
3925,My. Haircare
3926,MY I.D
3927,My Konjac Sponge
3928,MY LAQ
3929,My Lip Stuff
3930,My Little Mascara Club
3931,My Little Mascara Club
3932,My Mood
3933,MyRosy
3934,MYA – Make Yourself Authentic
3935,Mybee
3936,MyChelle Dermaceuticals
3937,MyClarella
3938,Mycro Keratin
3939,Myglamm Cosmetics
3940,MyHappyDog
3941,Mylee (HSNF)
3942,Mylo
3943,myRapunzel
3944,MYRIAM K Paris
3945,Myrtle & Soap
3946,myrto naturalcosmetics
3947,Mystic Wonders
3948,Mystique earth
3949,myvial
3950,Made By Dentists (Spotlight Oral Care)
3951,nutri +
3952,Nurture by Nature Botanicals (Brand Hatchers)
3953,NOT A DOLL (DLEHDUS)
3954,Nurturing Innovations
3955,Nature’s Medic CBD®
3956,no excuses LANUR
3957,N COSMETICS
3958,N S G P NARDUCI COSMETICOS
3959,NAAP
3960,Nabi Cosmetic
3961,Nabla Cosmetics
3962,Nablus Soap Company
3963,NACIFIC
3964,nada-simply care
3965,Nadina’s Cremes
3966,Nad’s
3967,Nad’s for Men
3968,NAEIL TEEM
3969,Naeli Naturals.
3970,Nagelati Pty Ltd
3971,Nagelati UG
3972,Nahni Skin
3973,Nail-Aid
3974,"Nail Alliance – North America, Inc."
3975,Nail Art Painter
3976,Nail Butter (Naturally Me Beauty)
3977,Nail HQ (Bespoke Europe)
3978,Nailara® Naturkosmetik
3979,Nailberry
3980,Nail’d at Tiffany’s
3981,Nails Inc.
3982,Nailtopia
3983,Naissance
3984,Najara Biocosmetics
3985,Naked and Thriving
3986,Naked Earth
3987,Naked Sundays
3988,Nakt
3989,Nalbiko Limitada
3990,Nalena Aurveda
3991,Nami Natural Ltd.
3992,NAMOW Co.
3993,Namza (Yepoda)
3994,Nanacoco
3995,NANDA PRODUCTO ESENCIAL
3996,Nanshy
3997,Nanuvo
3998,Naobay
3999,Naomi Sadé London
4000,Nära
4001,Nardo’s Natural
4002,Narmony
4003,Nasty Woman Cosmetics
4004,Natch Labs
4005,Natio
4006,Natiu Artesanal
4007,Native Biologique
4008,Native Touch
4009,Native Unearthed
4010,NATIVEG
4011,Natracare
4012,Natral Soap
4013,Nat’s Organic Lab
4014,Natura
4015,Natura Pur
4016,Naturade
4017,Natural Animal Health Products
4018,Natural Chemistry
4019,Natural Cilt
4020,Natural Derma Project
4021,Natural Dermatology
4022,Natural Evasion
4023,NATURAL HONEY
4024,Natural Load
4025,Natural Logix
4026,Natural Paz Spa
4027,Natural Roots
4028,Natural Salt Lamps
4029,Natural Sentiments
4030,Natural Tech
4031,Natural Wunderz
4032,Naturally Be-Youthiful
4033,Naturally Fresh Crystal Deodorant
4034,Naturally London
4035,Naturally Maine
4036,Naturally Nourish
4037,Naturally Serious
4038,Naturally Uncommon
4039,Naturally Wild Artisan Soap and Bath
4040,naturamor
4041,Naturavit
4042,NATURAWASH
4043,Naturbrush
4044,NaturChem S.L
4045,Nature
4046,Nature Brite
4047,Nature Clean
4048,Nature Loves You Skincare
4049,NATURE SAUVAGE
4050,NatureLab
4051,NATURELLE COSMÉTICOS
4052,NaturelleGrow
4053,Nature’s Alchemy
4054,Natures Alchemy
4055,Nature’s Baby Organics
4056,Natures Basics by Ava
4057,Nature’s Beauty Mix
4058,Natures Care CZ s.r.o.
4059,Nature’s Country Pet
4060,Nature’s Emporium
4061,Nature’s Fusions Essential Oils
4062,Nature’s Gate
4063,Nature’s Inventory
4064,Nature’s Miracle
4065,Nature’s Plus
4066,NATURE’S WAY Ayurvedic Products
4067,Nature’s Weeds Organics
4068,Naturity Planet Limited
4069,Naturium
4070,Natürlich Anna
4071,naturmaedchen
4072,Naturopathica
4073,Naturophyt
4074,NATURTRES (QNET)
4075,NATURTREU
4076,Naughty Dogs
4077,NAVABELLA
4078,Navajo Skin Care (Maison de Navar)
4079,NAVEEN
4080,NAVIA
4081,Navy Professional
4082,Naya
4083,Naya Glow
4084,NAYANA
4085,Naybal Beauty
4086,Nazan Schnapp
4087,NB Solution
4088,NBC (Natural Beauty Care – Henkel)
4089,NCLA
4090,Nealy Naturals
4091,Neboa
4092,Needs Natos
4093,NeemAura Naturals
4094,Neemli Naturals
4095,Neeta Naturals
4096,Nefer Lashes
4097,NeilMed Pharmaceuticals
4098,NEKOYANIN
4099,Nemat International
4100,NEO Care
4101,NEO Make-Up
4102,NEO Nail
4103,neoOrganic
4104,NEOSLAB (NS RETAIL)
4105,NEOVEGA
4106,Nerea Skincare
4107,NeRODA
4108,Nest Fragrances
4109,Nettie Scrub
4110,Neuma Beauty
4111,Neutratone
4112,nevernot
4113,New Age & Co.
4114,New Chapter Extracts
4115,New Directions Aromatics
4116,New Look Cosmetics
4117,New Shell
4118,New World Cosmetics
4119,New Zealand Natural Skincare Limited
4120,newma
4121,Newman’s Own Organics
4122,Newsha
4123,Next Phase
4124,NF Skin
4125,Nic & Co.
4126,Nice One (Cotton on Foundation)
4127,NiceDeco Gel Polish
4128,Niches & Nooks
4129,Nick Chavez Beverly Hills
4130,Nicki’s Diaper
4131,Nightwork Candle
4132,NIHAN OZISCI
4133,Niir
4134,Nimbi Supply
4135,Nino Nana
4136,NIOD
4137,Niora
4138,NIRAKLE
4139,NIRMALAYA WELLNESS
4140,Niu Smile
4141,Niucoco
4142,NIVEL SRL SOCIETÀ BENEFIT
4143,NIXE
4144,nkm Naturkosmetik MOnchen
4145,No Animals
4146,No Bull Beauty
4147,No Common Scents
4148,NO-DUPE
4149,No Fade Fresh
4150,No Gray Quick Fix
4151,No Mercy
4152,No More Fs
4153,No Rubbish  (Zerochem Liffescie)
4154,Noble Touch
4155,Noctua Diem
4156,Nohailo
4157,NoHarm Beauty
4158,NOLAHOUR
4159,Nomad Cosmetics
4160,Noms+
4161,Nonfiction
4162,NONIQUE
4163,Nooda srl
4164,NOOMI Stockholm
4165,Nooni
4166,NOPALERA
4167,Nordic Cosmetics
4168,Nordics Bamboo
4169,nordictan
4170,Norganex
4171,NormVegan (BMI Aesthetics & Cosmetology Academy)
4172,North American Hemp Co.
4173,North Coast Organics
4174,Northbloom AB
4175,Northport Naturals
4176,Norvell
4177,Norz
4178,NoSH BoDY
4179,Nosta Beauty
4180,Note Cosmetique
4181,Nothing Nasty
4182,NOTO Botanics
4183,Noudle Pets
4184,Nougatine Paris
4185,Noughty haircare
4186,Nourish Beaute
4187,Nourish Mantra
4188,Nourishe Organics
4189,Nourrir Hair Care
4190,NOUVEAU/ORGANICA
4191,NOV NATURAL ORGANIC VEGAN
4192,Nova Cosméticos
4193,Nova Hera Comercio Varejista de Cosméticos
4194,Nova Mink
4195,Nova Wax
4196,NovaNation
4197,Novathena – savonnerie artisanale
4198,NovAurora Organic Skin Care
4199,NOVEMBER NINETEENTH
4200,Novesan SpA
4201,Noviole dermo cosmetics
4202,Novomins (Innocent Health)
4203,NOW Solutions
4204,NOX DETOX (AMISOBOOJ PRIVATE LIMITED)
4205,NOYZ
4206,NP Kozmetic
4207,NPC KOZMETIK URETIM SATIS PAZARLAMA THALAT lHRACAT
4208,Nubar
4209,Nubian Heritage (Unilever)
4210,NuCelle Inc.
4211,NUDA EST
4212,Nude Beauty Products
4213,Nude By Lust
4214,Nude by Nature
4215,Nude Envie
4216,Nude In Bude Natural Skincare
4217,Nude Story Company Limited
4218,Nudi Point
4219,Nuebiome
4220,Nueco (Prodena Natural laboratories Pty Ltd)
4221,NUENCE (ODOCA SAS)
4222,Nuestra Tierra Cosmética Ancestral
4223,NUI Cosmetics (SAVUE GmbH)
4224,Number 4 Hair Care
4225,Number Three
4226,NuMe
4227,Nuna1983
4228,NuRevealSkincare
4229,Nürk
4230,Nurture by Nature (NxN)
4231,Nurture My Body
4232,Nuskhe By Paras (Nature Touch Nutrition)
4233,nusop
4234,NutraLuxeMD
4235,Nutri-Ox (Henkel)
4236,Nutri-Vet
4237,NutriBiotic
4238,Nutrimetics
4239,"NuTru, Inc."
4240,Nuts Organic
4241,NuVsio
4242,Nuwena
4243,Nuzzle by Beaute Marketing
4244,Nvenn
4245,NYBEE
4246,NYDG Skincare
4247,NYKAA (only NYKAA brands)
4248,nyl skincare
4249,Nyme Organics
4250,Nyor
4251,NYR Organic (Neal’s Yard Remedies)
4252,NYX Professional Makeup (L’Oreal)
4253,NeoVeda
4254,O Naturals
4255,O3+
4256,Oak and Ashland
4257,Oasea Laboratories
4258,Oasis Organics
4259,OBIA Natural Hair Care
4260,Oblige By Nature
4261,oBoticário
4262,"Obsessive Compulsive Cosmetics, Inc."
4263,Ocean Breeze
4264,Ocean Olive
4265,Océane
4266,Oceanic Gold
4267,Oceglow
4268,Ochi Hemp
4269,October Fields
4270,Odacité
4271,Odeene
4272,Oden’s Eye
4273,Odist
4274,Odylique
4275,OF NATURE
4276,OFELIA
4277,Off We Glow Inc.
4278,OFFON
4279,Offspring
4280,OFRA Cosmetics
4281,Ogaenics
4282,Ogee
4283,Ógra Skincare
4284,Oh Fresh Cosmetics
4285,Oh Good Project Inc.
4286,Oh K!
4287,Oh My! Cosmetics
4288,OH MY LASH
4289,"Oh, Si Belle"
4290,OHAVE
4291,Ohayo By Abitha
4292,OhMyGlitter
4293,ohora
4294,Ohria Ayurveda
4295,OilivingLife
4296,Oilogic Essential Oil Care
4297,Oio Lab
4298,Ojavan Products
4299,Okay Kozmetik
4300,OKAYY!
4301,Ola Lab Cosmetics
4302,Olala! French Cosmetics
4303,OLAS
4304,OLD SPIRIT NATURALS
4305,OL:DAM
4306,Ole Henriksen
4307,OLEO BODYCARE
4308,Ölfaktorisch
4309,Olio E Osso
4310,Olivella (Umbria Olii International USA)
4311,Olivia Care
4312,Olona
4313,Olora
4314,Olorun Skin
4315,O’LOURE BEAUTY (Oloure Kozmetik)
4316,olox
4317,Olyantis Inc.
4318,OMAKA Naturkosmetik
4319,Oma’s Pride
4320,Ombelle
4321,Omiana
4322,OMIT Headcare
4323,Omni Hiraya LLC
4324,Omum (NAADAM NATURE)
4325,Omved
4326,On Natural (R&R Corp.)
4327,onå new york
4328,One Day Bio Cosmetics
4329,One Earth Organics
4330,One Group Biologique
4331,One Love Body & Soul
4332,One Love Organics
4333,One Therapy
4334,One With Nature
4335,One2Infinity
4336,Onekind
4337,Oneleaf
4338,"Oneleaf (Foshan Jieruimei Makeup Co., Ltd)"
4339,Oneoseven
4340,Onesta Hair Care
4341,One Tribe
4342,Ongredients
4343,Onirica Cosmetics
4344,ONIRO
4345,Only Nature
4346,Only YOURx Skin Care
4347,ONLYESS
4348,ONME
4349,ONNE
4350,ONNI Organic Luxury Haircare
4351,Onnuri International
4352,OntkOrganix
4353,Ontu (Maesa)
4354,Onyx Brands
4355,oOlution (Seed to seed)
4356,Opas Soap
4357,OPPIDUM
4358,Optimale Cosmetologie
4359,Opulence Cosmetics
4360,Opulent Essences
4361,OPV Beauty
4362,Ora d’oro Beauty
4363,Ora Organic (Vital Amine)
4364,Ora d’oro Beauty
4365,Orange-Mate
4366,Orbitpad
4367,Orchard Harvest Soap Co.
4368,Orea Skincare
4369,Orebella
4370,Oregon Soap Company
4371,Orenda Skin Care
4372,Orga Tre
4373,Orgametics
4374,Orgamily (YBB)
4375,ORGAMYRA KOZMETİK
4376,Organic and Nature
4377,Organic Apoteke
4378,Organic Bridge
4379,Organic Colour Systems
4380,Organic Cosmetica
4381,Organic Harvest
4382,Organic Make-up Company Inc.
4383,Organic Oscar
4384,Organic Rosehip Skincare
4385,Organic Skin by Myriam
4386,Organic Tan
4387,Organic to Green
4388,Organic Trader Canada
4389,Organic Youth
4390,Organically Epic
4391,Organic&Pa
4392,Organicum  (Isikterapi)
4393,ORGANii
4394,Organik Orangutan
4395,Organix South
4396,Organoderm Skin Care
4397,Orglamix
4398,ORIAD ATHENS
4399,ORIBE Hair Care
4400,Oribel Organics
4401,Orico (London)
4402,Original Creativity International
4403,Original Good Goods
4404,Original Mineral
4405,Original Moxie
4406,Original Sprout…
4407,Originem Vitae SPA
4408,Orilab
4409,ORINE (Market for Home)
4410,ORL Labs
4411,"Orlane, Inc."
4412,orrobe
4413,ORS Hair Care
4414,ORTA SKINCARE
4415,Ortega
4416,OSEA
4417,OSEA Malibu
4418,Oserth
4419,OSH
4420,Oshadhi USA
4421,Oshea Beauty
4422,OSKAR GmbH
4423,Osmia Organics
4424,OSOCSO
4425,Otantic Pharma
4426,Oteria (Rivpra Formulation)
4427,Otilia´s Boutique
4428,Otis Batterbee
4429,Otrera Aromatics
4430,OTT Skyncare
4431,OTZI
4432,OUDLUX
4433,Ouidad
4434,Ouidad (BBI)
4435,OULAC Paris Cosmetics
4436,Our Planet Soap Company
4437,Our Vegan
4438,Ournextplus
4439,Out Of Earth
4440,OUT OF JUICE (VONT SOCIETY)
4441,Outdoor Freakz
4442,Ovelle
4443,oVertone Haircare
4444,OVI SKIN
4445,OWAY
4446,Oxbloode
4447,OXY 8 Naturkosmetik
4448,Oxyfresh Worldwide
4449,Oxygenetix
4450,Oxygeni Hair
4451,Oxynails
4452,OYO Baby
4453,Ozbotanical
4454,OZMEE
4455,Petite Amie Skincare/Vital Beauty/XOCOC
4456,Paisle Botanics (DOOZ)
4457,panakeea
4458,PAAVANI Ayurveda
4459,Pacha Soap Company
4460,Pachamamaï
4461,Pacifica
4462,Pact Trade A/S
4463,Paedi Protect
4464,Païma
4465,Painted Lips
4466,Pairfum
4467,Paivä
4468,Pakahi Natural Cosmetics
4469,Pallas Athene Soap
4470,Palmetto Derma
4471,Paloma Belle Organic Skincare
4472,Pamada
4473,Pangea Organics
4474,Panna Soaps
4475,Pantys
4476,Paper Cosmetics
4477,Paradise Candles of Hawaii
4478,Paradise Skin Co.
4479,Paradox Beauty
4480,Parang Blue
4481,Parentex
4482,Parasol
4483,Park Acre
4484,Parker & Co.
4485,Partly Sunny by Susan Grace
4486,Party of You
4487,PASSION INDULGE
4488,Pastelground
4489,Patchology
4490,Patisserie Beauty
4491,Pato Pato
4492,PATRICK & MARCEL
4493,Pattern Beauty
4494,Paul Labrecque
4495,Paul Mazzotta
4496,Paul Penders
4497,Paula by Pautips
4498,Paula’s Choice (Unilever)
4499,Pavanito
4500,Paw & Bloom
4501,Pawco
4502,Paws and Play (Rev Motive)
4503,Paws Beauty
4504,PAWS FOR GREENS
4505,Pawse’ n Play
4506,PawsnBoots
4507,PDL Cosmetics
4508,Peacci
4509,Peace Love TSD
4510,Peace Out Skincare
4511,Peacesake
4512,Peachy Clean Soap
4513,Peachykeen Organics
4514,Pear Nova
4515,Pearl World
4516,PEAU D’ANE
4517,PEBOTYPE
4518,Peepal Farm Products
4519,Pegasus Pro
4520,Pelle Beauty
4521,Pelushly Kozmetik
4522,Penny9 Cosmetics
4523,Penta Nova Colors
4524,People for Plants
4525,People’s Beauty
4526,Per-fékt Beauty
4527,PER SE
4528,Perennial Soaps
4529,PERFECT ANCHOR
4530,Perfect Glow Sunless
4531,Performance Brands Inc.
4532,Perfumes Dana do Brasil S.A.
4533,PERLENBUCHT
4534,Perma Blend
4535,Persona Cosmetics
4536,Perssential
4537,Pestle & Mortar
4538,Pestlo
4539,Pet Chef Express
4540,PET fit
4541,Petal Radiance Skincare
4542,Petaluma
4543,Petit Lapin
4544,Petite ‘n Pretty
4545,Petmama Garden
4546,Petty Boop (Cleanser S.L.)
4547,Petunia Skincare
4548,Pewilben
4549,Pharmacopia
4550,PharmaFAP
4551,Pharmagel International
4552,PHB Ethical Beauty
4553,Phenic Natural Skincare
4554,Phénotyp
4555,Phi Therapeutics
4556,Philips Own Apothecary
4557,Phils Kosmetisches
4558,PHLOV
4559,Phluid
4560,Phoam Soap
4561,Phool
4562,Photology (HarJam Innovations LTD)
4563,Phrase Inc.
4564,phykology
4565,Physicians Formula
4566,Phyte Club
4567,Phytema
4568,Phyto Ativo Cosmetics
4569,Phyto Laboratory
4570,Phyto Savons Schwab
4571,Phytoervas
4572,PIBU Beauty
4573,Pickle’s Potions and Lotions
4574,PIELE COSMETICS SPAIN
4575,Pierre René
4576,PILCA COSMETIC (SODALCO)
4577,Pilgrim
4578,Pili Ani
4579,Pinch (Orquidea Enterprises)
4580,Pink Horizons Botanical Skin Care
4581,Pink Lily
4582,Pink Mask
4583,Pink Posh Fox
4584,Pink Quartz Minerals
4585,Pink Salad LDN
4586,Pink Sugar Cosmetics
4587,Pinkar
4588,Pinki Lab
4589,Pinky Rose Cosmetics
4590,Pinrose Perfumes
4591,Pinup Balm
4592,Pioupiou Cosmetics
4593,Pipette
4594,Pits of Joy
4595,Pitsy
4596,Pixllady Cosmetics
4597,Plain Jane Beauty
4598,Plaine Products
4599,Planet
4600,Planet Bamboo
4601,Planet Botanicals
4602,Planet Eve Organics
4603,PLANET LLC
4604,Planet Luxe
4605,PLANT
4606,Plant Apothecary
4607,Plant Department
4608,Plantactive Blend
4609,PlantBase
4610,Planted
4611,Planthia Cosmetics
4612,Plantioxidants
4613,Plantomol
4614,PlanZ
4615,Platinum Makeup
4616,Platinum Skin Care
4617,Platinumbridge
4618,Play With Cosmetics
4619,Playmonster UK
4620,PLCOSKIN
4621,Plenaire
4622,PLIX
4623,PLlashnbrow
4624,PLS Cosmetics
4625,Pluchke
4626,Plug N Play
4627,Plum Goodness
4628,Plume Cosmetics
4629,Plush
4630,PMW Global
4631,PNK DiGGER Cosmetics
4632,Po•tion Naked Essentials
4633,Poapoa
4634,Poise Makeup Professional
4635,Polemika
4636,Polished London
4637,PolishedByP
4638,Polite Society
4639,Polychroma Polish
4640,Poofy Organics
4641,Poopsie
4642,poporas Co.
4643,Popps
4644,Poppy & Pout
4645,Popwhite
4646,PorePatches
4647,Portfolios
4648,Posh Brats
4649,Post Goodbye
4650,Potion Natural Skincare
4651,Potion Paris
4652,Potters Crouch Limited
4653,Pour le Monde Parfums
4654,Pour Vos
4655,Powerella
4656,Pradiance Skincare
4657,Praha Ventures
4658,PRAI Beauty
4659,Prakriti Essentials
4660,Prakriti Herbals
4661,Pramy
4662,Pranaa Products
4663,Pravana
4664,Precious Delivery
4665,Preen Kit
4666,Premae Skincare
4667,Premiere Products Inc.
4668,Preserve Products
4669,PRESH BEAUTi
4670,Prestige Cosmetics
4671,Pretty Ink…Nail Polish
4672,Pretty Vulgar
4673,Pretty Woman LLC
4674,Previa Haircare
4675,Previse DermApothecary
4676,Priia Cosmetics
4677,Primal Essence
4678,Primal Pet Foods
4679,Primary Syn
4680,Primavera Life
4681,Princeton Balm Company
4682,Principal Secret
4683,Prism Polish
4684,Pristine Beauty
4685,privé
4686,Priveda
4687,P.R.M.I.T Beauty
4688,PRO ORGANIC
4689,Pro Pet
4690,Pro Pet Science
4691,Pro Teeth Whitening Co
4692,Probiotic Group
4693,Proclé Cosmetics
4694,PRODUCTOS LYD SAS
4695,Produits Artémis
4696,Professional Pet Products
4697,Profinish
4698,Profusion Cosmetics
4699,Project Coral
4700,Project Lip (Project Cosmetics)
4701,Project Sunscreen
4702,Promise Cosmeceuticals
4703,Propolia (APIMAB Laboratoires)
4704,Prose
4705,Prota Skincare
4706,Protek Products
4707,Proven Skincare
4708,Provida Organics
4709,Provisions by Kat
4710,Prtty Peaushun
4711,Prymora
4712,Purposeful Skincare by Allies (PSA)
4713,PSA Skincare
4714,Psoria Pure (Liquid Innovators)
4715,Peau Jeune Beaute By Amitha (PT. Amitha Adikara Kosmetika)
4716,PT. Paragon Technology and Innovation
4717,PT. Pharmex Global Astrindo
4718,PUETSKIN (KPCOS)
4719,Pukaray
4720,Pulpe de vie (Bio Provence)
4721,Pulsaderm
4722,Pulse Cosmetics
4723,Pump Haircare
4724,Pumpoo Dry Shampoo (KOZMOKLINIK KOZMETIK)
4725,Punkinbutt
4726,PUR ELÙOR Luxury Cosmetics
4727,Pur Hair
4728,Pür Minerals/PÜR Complexion Authority
4729,Pur & Simple Ethical Organic Cosmetics
4730,PURA
4731,Pura Botanica
4732,Pura Botanicals
4733,Pura Cosmetic Natural
4734,PURA D’OR
4735,Pura Tempus
4736,Pura Tempus Comércio de Cosméticos e Produtos Naturais
4737,Purabay
4738,Puracy
4739,Pure 97
4740,Pure Aloha Pets
4741,Pure Anada
4742,Pure Aura
4743,Pure Ayre
4744,Pure & Basic Products
4745,Pure Botanica
4746,Pure Chemistry S.A.S.
4747,Pure Enchantment
4748,Pure & Gentle Soap
4749,pure glam (Organic Beauty Now)
4750,Pure Green
4751,PURE GREEN MED
4752,Pure Haven Essentials
4753,Pure Jali Organics
4754,Pure K
4755,Pure Natural Cosmetics
4756,Pure Petal Glow
4757,Pure Skin Food (Vegan Blatt)
4758,Pure Touch
4759,Pure U Cosmetics
4760,PUREANCE
4761,PureCeuticals
4762,Pure|Energy Apothecary
4763,PUREFUME
4764,puremetics
4765,PURENN
4766,PureOlogy (L’Oreal)
4767,Pureriti
4768,Puresense
4769,Puretex
4770,Puretive Botanics
4771,Purezero
4772,PuriaFam
4773,Puriosity
4774,puroBIO cosmetics
4775,Purodora Lab
4776,Purple Essentials
4777,Purple Prairie Botanicals
4778,Purposefull
4779,Purteeth
4780,PUUR Ingrid (QNaturals)
4781,Pyore Skincare
4782,PZ Cussons
4783,Q-Essentials
4784,Qamare’
4785,Qaratau
4786,Qhullan
4787,QLE
4788,QOQO CARE
4789,Qraa
4790,Qualerex Beauty
4791,Que Origin
4792,Queen B
4793,Queen Helene
4794,Queen of Green
4795,Quiet & Roar
4796,Quinessence
4797,Quinn and Oliver
4798,Quintal
4799,Qulla Cosmética
4800,QUO Beauty (Shoppers Drug Mart)
4801,Quotidien Essential Moments
4802,Qurez
4803,QURI Natural Beauty
4804,Qyora & Essence of Soul
4805,Reillie Beauty
4806,Rare Beauty
4807,Roius Naturals
4808,r.e.m. beauty
4809,Radha Beauty
4810,Rae Cosmetics
4811,Rae Morris
4812,Raen
4813,Raf Five
4814,Raffaele Ruberto
4815,RAIA Beauty
4816,Rain Organica
4817,Rainbow Cosmetics
4818,Rainbow Research Corp.
4819,RainShadow Labs
4820,Raiou Cosmetica
4821,Ramsey Beauty
4822,Ramy Beauty Therapy
4823,Ranee&Company
4824,RAONNE
4825,Raoul Cosmetics
4826,Raphas
4827,Raqun
4828,RAS BEAUTY
4829,Rascal + Friends
4830,Ratchaprao
4831,Rather Unique Skin
4832,RatOoout
4833,Ravenwood Gardens
4834,Raw Bodyworks
4835,Raw ByRoque
4836,RAW Nails
4837,Raw Nature Company
4838,RAW PASSION
4839,Raw Sugar (Bolero Home Décor)
4840,Rawgaia Superfood Skincare
4841,RAWW Cosmetics
4842,Rayün
4843,Rayun Productos
4844,RBF Skincare
4845,RCMA Makeup
4846,R.D.M. Care
4847,Ready to Shine
4848,Real Purity
4849,Real Techniques
4850,Reanima (Sudesan Temizlik Ürünleri San. Tic . A.Ş.)
4851,REASONOR (YBB)
4852,Rebel Athletic
4853,Rebel Massage
4854,Rebel Tan
4855,Recipe Products
4856,Reckless Cosmetics
4857,reCLAYm beauty
4858,Recreation Beauty
4859,Red Aspen
4860,Red Flower
4861,Reduire
4862,Reficis
4863,Refined
4864,ReGene Labs
4865,ReGenesis (Athena Cosmetics)
4866,Regnskov Company
4867,RĒJINS
4868,Rejuva Minerals
4869,Rejuvaus
4870,"Rejuvi Laboratory, Inc."
4871,Relax. Rinse. Repeat.
4872,Relaxcation
4873,releaf
4874,Relogy Acne Treatment
4875,Remanence
4876,Reme Beauty
4877,RemèTerre
4878,Renacimiento Capilar
4879,RENEE COSMETICS
4880,Renee Rouleau Skin Care
4881,Renmatix
4882,Renpure
4883,REOME
4884,Repose USA
4885,Republic Nail
4886,Réserve en Afrique
4887,Resibo
4888,Resonance 396
4889,Retreatment
4890,RETURNU
4891,Reusoul
4892,Reve Salud Y Belleza
4893,Reve Skincare
4894,RevealU Skincare
4895,Revega Cosmetics
4896,Reversa (Dermtek Pharma)
4897,RevitaLash Cosmetics (Athena Cosmetics)
4898,Revitos
4899,Reviva Laboratories
4900,Revival Soap Project
4901,RevivSerums (Astonishing Developments)
4902,Revolution Beauty
4903,REVUELE LTD
4904,Reyal
4905,Rhode Skin
4906,Rhyme & Reason
4907,Rhyme & Reason
4908,Riche Organics
4909,RICHÉE PROFESSIONAL
4910,RICHFEEL Health and Beauty
4911,Righteous Roots
4912,RIGOLIM HAIR &CO
4913,Riley Rose
4914,RIMIA
4915,Rimu Pharma Kozmetik
4916,Rincón de Isis
4917,Ringana
4918,Rinse Bath & Body
4919,Rise & Shine Naturals (Glam Goes Green)
4920,Rituel de Beaute
4921,Rituel de Fille
4922,Ritzy Mash
4923,River Veda
4924,Rizos Curls
4925,RJ Mineral Cosmetics
4926,RJ1
4927,rms beauty
4928,ROAN Fragrances
4929,Roar Cosmetics
4930,Robyn Skincare
4931,RoC Skincare
4932,Rock and Roll Beauty
4933,Rock Candy Beauty
4934,Rocky Mountain Soap Company
4935,Roil
4936,Roma Natural
4937,RONDO FOOD
4938,Root Science
4939,Root to End (Dollar General)
4940,Root&Beyond
4941,Rootcos (Baypure Lifestyle)
4942,ROOTOO
4943,Roots
4944,Roots and Herbs
4945,Rosco Imports E.U
4946,ROSE ALL DAY (Rose Cosmetics)
4947,Rose and Abbot
4948,Rose and Cure
4949,Rose Gold Skincare
4950,Rose Lane
4951,Rosemira Organics
4952,Rosense
4953,Rosental Organics
4954,Ross D’Elen
4955,Rothea
4956,Rovectin (RLAP)
4957,Roverhair
4958,Rozuri
4959,RS-Beauty
4960,Rubella Beauty AD
4961,RUBELLI
4962,RUBELLI
4963,Ruby Brown (Essence Workshop Inc)
4964,Ruby Cosmetics
4965,Ruby Rose
4966,Ruchy Skincare
4967,Rucker Roots
4968,Rude Cosmetics
4969,rue Santé
4970,Ruffians
4971,RUGRD
4972,RUSKHA
4973,Rustic Art
4974,Rustic MAKA
4975,RÜTS Cosmetics
4976,Ryan Scott
4977,SkinLabo
4978,SanMelix Laboratories
4979,Saheli Henna
4980,SKINTIFIC
4981,SugarScents Hairspray
4982,StyleSign (Kao)
4983,Super Flacon
4984,Shaeco
4985,Salzquell
4986,Skinpets
4987,S.O.B.
4988,S19 Studio+Lab
4989,Saach Organics
4990,Saba Laagro
4991,Sabão & Companhia
4992,Sabreen Cosmetics
4993,Sabrina Carpenter Fragrances (Scent Beauty)
4994,Sacha Cosmetics
4995,Sacheu
4996,Sacheu Beauty
4997,Sacred Healing
4998,Sade Baron
4999,Safaa Luxe
5000,SAFE N BEAUTIFUL PC
5001,Safira Cosméticos
5002,Safnat
5003,Sage Skin Care
5004,Sageborn
5005,Sahur’s Art
5006,Saint Candles
5007,Saint Luxe
5008,Saints & Sinners Haircare
5009,SAIRIK
5010,Saison Beauty
5011,Saiva Naturals
5012,Saiya Minerals
5013,Salam Collections
5014,Sallve Beauty
5015,Sally’s Organics
5016,Salon Selectives
5017,Salt Oral Care
5018,Salt Way
5019,SALTRAIN
5020,Salty Family Group
5021,Salus Natural Bodycare
5022,SALVE NATURALS
5023,Samantha Sona Ethical Beauty
5024,Samantharoma
5025,San Benita
5026,San Margo
5027,Sanctuary Products
5028,Sanctum
5029,Sand & Sky
5030,Sándalo y Menta Botanicals
5031,SanDee Professional HD MakeUp
5032,SANITRUM
5033,Sanjeevita
5034,Sanoll Biokosmetik GmbH
5035,SanRe Organic Skinfood
5036,Sans [ceuticals]
5037,SANS- London Limited
5038,Sans Skin Care Without Chemicals
5039,Santaverde
5040,Sante (L’Oreal)
5041,Såper
5042,Sapienic
5043,Sapienic AB
5044,Sapo All Natural
5045,SAPOnaturell
5046,saponisphère
5047,Saponista’s Artisan Soap
5048,Sappho New Paradigm
5049,Sappo Hill Soapworks
5050,Sara Happ
5051,Sara Hill Make-Up
5052,SARAH’S SOAPS
5053,Sarah&Son
5054,Saranghae
5055,Sarisha Beauty
5056,SARL SG2L BIEN ETRE
5057,Sarnia (Sudesan Temizlik Ürünleri San. Tic . A.Ş.)
5058,Saro de Rue
5059,SAROMA LIFESTYLE STUDIO
5060,Sarya Couture Makeup
5061,Sashapure Beauty (Red Lodge Beauty)
5062,Sashhh
5063,Sasy n Savy
5064,Satana
5065,Satin Hair Color
5066,Saturated Colour Cosmetics
5067,Saturn Petcare
5068,Sauberkunst
5069,Sauce Beauty (Eli Sauce Haircare)
5070,Savon Du Bois
5071,Savon Stories
5072,Savon Workshop
5073,Savonnerie Aubergine
5074,Savonnerie du Cèdre
5075,Savonnerie Ecume
5076,Savons Zébulles
5077,Scandy (NBI Nordic Beauty Import)
5078,SCB Naturals
5079,Scenearth
5080,SCENS Skincare
5081,Scent Match(B & B Acquisition)
5082,Scent Organix
5083,Scent Theory Products
5084,Scenthane (CEKK Koku ve Kozmetik LTD STI)
5085,Scentorie
5086,Scents Ltd
5087,Scentsational Journeys
5088,Scentspraytions
5089,Scentuals Natural & Organic Skin Care
5090,ScentWorx by Slatkin + Co.
5091,SCHEUER and LE SCAO
5092,Schews
5093,Schiff Products
5094,SchiWa Cosméticos
5095,SCHMEAR Naturals
5096,Schmidt’s Naturals (Unilever)
5097,Scholtus-Proline®
5098,Schraiber
5099,Schwanen Garten
5100,Schwarzwald Bioseife
5101,SCNE
5102,Scott Cornwall
5103,Scott Lee
5104,SCOUT Organic Active Beauty
5105,Scripted Scents
5106,Scrub Love
5107,"Scruples Professional Salon Products, Inc."
5108,"SD Biotechnologies Co., Ltd."
5109,SD Make Up
5110,Sea Cliff Gardens Botanical Skin Care
5111,Sea-el Corp
5112,Sea Me
5113,Sea Sun Australia
5114,SeabuckWonders
5115,SeaChi Organics
5116,SEAIER
5117,Sean John (Estee Lauder)
5118,SEARCE
5119,Seaside Medical Technologies
5120,Seaside Naturals
5121,Seasons KISS
5122,Second Glance Cosmetics
5123,Secret Alchemist
5124,SECRET BEAUTY CLUB
5125,Secret in-a-Tube
5126,Secret of Avalon
5127,Secret
5128,Secrets Cosmétiques
5129,Seda (Unilever)
5130,Sedal (Unilever)
5131,Seebinger Hemp
5132,Seed and Soul
5133,Seed and Sour
5134,SEEH Skincare
5135,Seen Hair Care
5136,Seenaya
5137,Seifen-Bar
5138,Sekala
5139,Self Love Solutions
5140,"Selfmade Studio, Inc."
5141,SellSage
5142,Selona Beauty
5143,Sen Organics
5144,Sendo
5145,Sendriya
5146,Senelle Cosmetics
5147,Sens Eve
5148,Sense-Organics
5149,Sensori Plus Australia
5150,Senz Cosmetics
5151,Senzai
5152,SeoulofSkin
5153,September 14th
5154,September Rose Cosmetics
5155,Sequoia Tree
5156,Seraphine Botanicals
5157,Serene Nadi
5158,Serf to Surf Products
5159,Seri Naturals
5160,SERICH
5161,Seriously Awesome Stuff
5162,SeroVital (Basic Research)
5163,Serum No. 5
5164,SERUMKIND
5165,SerVaas Laboratories
5166,SET GRUP DANISMANLIK VE TEKSTIL SANAYI TICARET LIMITED
5167,Sevani
5168,Seventh Generation (Unilever)
5169,Severina’s Secrets
5170,Sevessence
5171,Sevi Cosmetics
5172,Sexy Hair Company (Henkel)
5173,SF KOZMETİK BİYOTEKNOLOJİ
5174,Shade M Beauty
5175,Shahnaz Husain
5176,Shakeup Cosmetics
5177,SHAMPOOHOTEL
5178,Shampora
5179,Shani Darden
5180,"Shankara, Inc."
5181,Sharisa India
5182,Shay and Blue
5183,Shays Beauty Street
5184,She Vec Sağlık ve Kozmetik  Ürünleri San.Tic.A.Ş.
5185,She Zen Beauty
5186,Shea-Janee
5187,Shea Kiss
5188,Shea Shea Bakery
5189,Shea Terra Organics
5190,Shear Miracle Organics
5191,SheaSkin
5192,Sheer Lust
5193,Sheffield Pharmaceuticals
5194,Shelby Naturals
5195,Shello
5196,Sheltered Animals
5197,Shemen Amour USA
5198,Shen & Sam Co. Candles
5199,Shery’ Nail Lacquer
5200,SheShe CoCo Organic Products
5201,SHEVEGA
5202,Shezaadi Cosmetics
5203,SHEZO
5204,shi/dto
5205,Shielded Beauty
5206,"ShiKai Products, Inc."
5207,Shiloé
5208,Shimmer Me Gorgeous
5209,Shine Brown
5210,Shiny Brands Group
5211,Shiny Leaf
5212,Shira Esthetics
5213,Shiva’s Delight
5214,Shiyoku
5215,Sa’ni’sa
5216,SHRINIVAS SUGANDHALAYA (MUM) LLP
5217,Shulamite Nature
5218,ShuShu Babies
5219,Shy Xo Shine
5220,Sia Botanics
5221,SIAM NATURAL PRODUCTS
5222,Sibu Beauty
5223,Sibu Seven (Sibu Beauty)
5224,Sidlab Haircouture
5225,Sienna Byron Bay
5226,Sigma Beauty
5227,Silem COSMETIC
5228,Silinova
5229,Silk and Bubble
5230,Silk Bodies
5231,Silk Naturals
5232,Silkience
5233,Silky Polish
5234,Silly George
5235,Silver Shoe Care
5236,Simi Essentials
5237,Simone Paris
5238,Simple Alchemy
5239,Simple Habito
5240,SIMPLE ORGANIC BEAUTY
5241,Simple Suds
5242,Simple (Unilever)
5243,Simplers Botanical Company
5244,Simplicite Skin Care
5245,Simply Beauty
5246,Simply Divine Botanicals
5247,SIMPLY ME BEAUTY (7-Eleven)
5248,Simply Natural
5249,Simply Natural Scents
5250,Simply Saidah’s Natural Skin Care
5251,Simply Skin
5252,Simply Skintastic
5253,SimplyClean
5254,simplyO
5255,Simya Evi
5256,Sinavan
5257,Sinless Beauty
5258,SINOZ KOZMETİK
5259,Sinsation Cosmetics
5260,Siot
5261,Sir Richard’s Condom Company
5262,SIRCUIT® Cosmeceuticals Inc.
5263,SIRIDERMA®
5264,Siscom de Argentina SA
5265,Sisi and Joe
5266,Siskyn Skincare Oils
5267,Sisters & Me
5268,SISVEN
5269,Sítrónu
5270,Six Gldn
5271,Six or Less
5272,SJ-CHEM
5273,Sjolie Tanning Products
5274,Skafe Cosmeticos
5275,SKALA COSMETICS
5276,Skalaris
5277,Skare
5278,Skelp (Frostbland)
5279,Skin Actives Scientific
5280,Skin Bluety
5281,Skin Candy Bath & Body
5282,Skin Citizen
5283,Skin Craze
5284,Skin Drop
5285,Skin Formulas
5286,Skin Inc Global
5287,Skin & Lab
5288,Skin Nation Beauty
5289,Skin QR Organics (Argania)
5290,Skin Recipe Cosmetics
5291,SKIN1004 (Craver Corporation)
5292,Skin401 (Flavus)
5293,Skinblossom
5294,Skinbureau Skin Care Enterprises
5295,Skincall
5296,Skincare Project
5297,SkinCatering
5298,Skincential Sciences
5299,SKIN&CO
5300,SKINCOSMEDIC
5301,SKINCYCLES
5302,Skindividual
5303,Skinfix
5304,Skinician Skincare
5305,SKINMANSION
5306,SKINN
5307,Skinned Care
5308,Skinnies Sunscreen (The Beauty Collective)
5309,SkinnyDip London
5310,SkinOMs
5311,SKINourishment
5312,Skinscooba (EDHA LLC)
5313,Skinsmiths
5314,SKINthings (Schnitzler Concept GmbH)
5315,Skintimate (Edgewell)
5316,Skintoxicated
5317,SKiNTUITION
5318,Skinveda (SASA Cosmetics)
5319,Skinvolve
5320,Skncare Cosmetics
5321,skoah
5322,SKÖG
5323,SKOON
5324,Skout’s Honor
5325,SK*P BRANDS
5326,Sky Organics
5327,Skylar Body
5328,skyn ICELAND
5329,"SkYnYzYn  (Ridiculously Good, LLC.)"
5330,SLAVIA COSMETICS
5331,Slay Cosmetics
5332,Slimtum
5333,Slo (AOTEAROAD)
5334,SLOVA
5335,Slow Natural
5336,SM Beauty
5337,Smart Skin Health
5338,SmartLifeco
5339,Smashbox Cosmetics (Estee Lauder)
5340,Smell This! Aromatherapy
5341,Smile Natural
5342,Smile Sciences
5343,SMILENV
5344,SmileSwag
5345,Smilie
5346,SMILILY
5347,Smith & Vandiver
5348,SMNutrition
5349,smol
5350,Smooth Summer Tan
5351,Smudge Skincare
5352,Smyle
5353,SnailCure
5354,Snails Child Nail Polish
5355,SNÖ ETERNELLE
5356,Snolos Beauty
5357,SNOOT (PINKPEPPER CONCEPTS)
5358,SNOWBLING
5359,Snugabell
5360,Snugberi
5361,So-B
5362,So Bohème Cosmétique
5363,So Eco (Bespoke Europe)
5364,So Susan Cosmetics
5365,Soap and Pamper
5366,Soap Candy
5367,Soap-Dodger
5368,Soap Goddess
5369,Soap out of the Garden
5370,Soap Square
5371,Soap the Earth
5372,SoapBox Soaps
5373,Soaper Delights
5374,Soaper Duper
5375,Soapnut Republic
5376,Soaps Lotions & More
5377,SoapTherapy Naturals
5378,Soapwalla Kitchen
5379,Soapworks
5380,Soapy Co.
5381,Soapy Fun
5382,Soapy Soap Company
5383,Sobe Tan by Fabiola
5384,sober care
5385,SoCozy Haircare (Eli Personal Care)
5386,Sodasan
5387,Sodashi
5388,Sofreshskinco
5389,Soft Moon (Grupo Emerge)
5390,Softsens Baby
5391,Soi-Bio
5392,Sojourn Beauty
5393,Sojourner Farms
5394,Sol de Janeiro
5395,Sol De Mayo
5396,Solaire Pty Ltd
5397,Solay Wellness
5398,Soleil Organics
5399,Soleil Toujours
5400,Soléo Organics
5401,Solésence
5402,Solgar Vitamin Company
5403,Solibar
5404,Solid Gold
5405,Solrae Sunless Tanning
5406,Solscense
5407,Somos Martina
5408,SOMBAR
5409,Sombra Cosmetics
5410,Somethinc (Royal Pesona Indonesia)
5411,Somfis Professional
5412,SOMOS Cosmética Naturak
5413,Sonage
5414,SONETT
5415,Sonia Orts
5416,Sontse
5417,Sophia + Mabelle
5418,Sophia’s Naturals
5419,Sorella Apothecary
5420,SORI
5421,Sorme
5422,SoSo Sunny
5423,SOSU by Suzanne Jackson
5424,Souffle Beauty
5425,Souji
5426,Soul Organics Company
5427,souldrops
5428,Soulflower
5429,Soulful Brows
5430,Soult Of The Dead Sea
5431,"Sound Earth, LLC"
5432,Sources Lyon
5433,Soy Clay
5434,Spa Haus
5435,Spa Noir Beauty Cocktails
5436,Spa Vivent
5437,Space Baby
5438,Spacewhite
5439,Spacio Natural
5440,SpaRitual
5441,Sparkle Products
5442,Spectrum Collections
5443,Spekta Cosmetics
5444,Spell Cosmetics
5445,SPF Lab
5446,Spica Organics
5447,Spilanthox Therapy
5448,Spinster Sisters
5449,Spirit Cannabis
5450,Spirulina For Life
5451,Splash Innovations
5452,Splash of Scent
5453,Splat Hair Color
5454,Split Second Beauty
5455,SportFX
5456,Sposie
5457,SPOT MEDIC
5458,SprayTans
5459,Sprouted Soul
5460,Squalan Natural Health
5461,Squin
5462,SSChic Boutique
5463,S’sense vegetal
5464,St. Baume Naturals
5465,St Botanica Beauty (Good Glamm Group)
5466,ST. D’VENCE
5467,St. Ives (Unilever)
5468,St. John’s Botanicals
5469,ST. TROPICA
5470,"Staedtler, Ltd."
5471,Star Remedies B.V.
5472,STARE Cosmetics
5473,Starface World
5474,Stargazer
5475,Stark Skincare
5476,Starpil Wax USA
5477,Starrily
5478,Starskin
5479,Star Struck By Sunny Leone
5480,Statera
5481,Staze (Honasa Consumer)
5482,Ste. Anne’s Skin Nourishment
5483,Steiger Naturals
5484,Stelanore Global Ventures
5485,Stella & Chewy’s LLC
5486,Stella Sun
5487,S’Terra Products
5488,Stetho Health Systems
5489,Stick On Spots (KOZMOKLINIK KOZMETIK)
5490,Stila Cosmetics
5491,Still Standing
5492,StimuNail
5493,STMNT (Henkel)
5494,Stolat Organics
5495,Stomp Footwear
5496,STRAAND
5497,Straightforgood
5498,Strawberry Hedgehog
5499,STREP (Sodalco)
5500,Stripped Beauty
5501,Strome Europe
5502,Strong Cosmetics
5503,Studd Muffyn (Nature Touch Nutrition)
5504,Studio 10
5505,Studio 64 (Empresas DBS)
5506,sublime biocosméticos
5507,Subtle Green
5508,Suck Less
5509,Sudsatorium
5510,Sudz Cauldron
5511,Sugar Cosmetics (Vellvette Lifestyle)
5512,Sugar Venom Eco Cosmetica
5513,SugarBaby Australia
5514,SugarBoo Curls
5515,Sugarpill Cosmetics
5516,SUGARPLUM
5517,Suit Up Brands
5518,Suite Eleven
5519,Sukha Cosmetica Vegana
5520,Sukrit Ayurveda
5521,SUKU Vitamins
5522,SULA NYC
5523,Sultra Beauty
5524,SuLu
5525,Summerlin
5526,Sun Bum
5527,Sun Merchand International Inc.
5528,Suncodes Nutrition
5529,Sun.day of London
5530,Sunday Rain
5531,Sunday Riley Modern Skincare
5532,Sundipped Tan
5533,Sundree
5534,Sundrop Botanicals
5535,Sung Shim Intl
5536,Sunnies Face
5537,SunnySky
5538,Sunrider International
5539,Sunscoop
5540,Sunsilk (Unilever)
5541,Suntara Cosmetic
5542,Suntegrity (Suntegrity Skincare)
5543,Sunumbra
5544,SUPA Naturals
5545,Super Nature (Proctor & Gamble)
5546,Supergoop!
5547,Supherb
5548,Suppstainable
5549,SUPRE (Cotton On)
5550,Sur Australis
5551,SUREBASE
5552,Surface Hair (GHC Systems)
5553,Suriyassa (Cosmovedic)
5554,Surya Brasil
5555,Susanne Kaufmann
5556,Susan’s Soaps & More
5557,Sustainable LAB
5558,Sustainable Solutions
5559,SUVA BEAUTY
5560,SVENS SKINCARE
5561,SVISH
5562,S.W. Basics
5563,Swagger Cosmetics
5564,Swati Gramodyog Sewa Sansthan
5565,Sway Company
5566,sway Sports & Health GmbH
5567,Sweden Eco
5568,Sweet Rose Cósmetica Natural
5569,Sweet Spot Labs
5570,Sweet Willow
5571,Sweetsation Therapy
5572,Swiss Beauty Cosmetics
5573,Swiss Clinic Distribution
5574,SWISS Gate AG
5575,Swisspers
5576,Sylphar
5577,Symbiosis Skincare
5578,Synergy Biologics
5579,SYNK ORGANIC
5580,System Akvile
5581,Système 41
5582,Thank Rose
5583,Technic
5584,The Purest Solutions (Evly Pharma Cosmetics)
5585,The GelBottle Inc (TGB)
5586,Truly Blessed
5587,THANK YOU CABELOS
5588,T. LECLERC
5589,Ta-Tan!
5590,TAAJ
5591,TABSSS
5592,Taft (Henkel)
5593,Taïla
5594,Taima Oils
5595,Taja Self Love
5596,TAKE TWO COSMETICS
5597,Talent Skincare
5598,Talia Skin Care
5599,"Talitha Koum Co.,Ltd."
5600,Talon Polish
5601,Tamboor
5602,Tammy Taylor Nails
5603,Tamoko
5604,Tampa Bay Tan
5605,Tan By Lucy Lane
5606,Tan Frenzy
5607,Tan London
5608,Tan-Luxe
5609,Tan Tootie
5610,Tanceuticals
5611,Tangle Teezer
5612,TANIA BULHÕES
5613,Tanique
5614,Tanning Essentials (Machiaj Laboratories)
5615,Tannymaxx
5616,Tanologist
5617,TanOrganic (Beauty Results)
5618,Tanrevel AB
5619,TanTowel
5620,Taoma
5621,TARNISH-ME-NOT
5622,Tarte Cosmetics (Kose)
5623,TASH Cosmetics
5624,TaShea Naturals
5625,Taslie Skincare
5626,Tasneem Cosmetics
5627,Taste Beauty (Centric Brands)
5628,Tata Harper Skincare
5629,TATCHA (Unilever)
5630,TATO SENSES
5631,Tattoo Defender
5632,Tattoo Goo
5633,Taui
5634,TAYLOANI
5635,Taza Beauty
5636,täzo bath co.
5637,TB Make/ Mari Maria
5638,TB True Beauty (UNCORRUPTED Beauty)
5639,tbh-true beautiful honest (Henkel)
5640,Teak
5641,TEAM DR JOSEPH
5642,Teaology Skincare
5643,Teaveli
5644,Tec-Italy (Henkel)
5645,teethlovers
5646,Tehillashes
5647,TellurideGlow
5648,Tender Essence
5649,Tenshi Beaute
5650,TENTEU
5651,Teri Love Advanced Skin Care
5652,Terra
5653,Terra and Co.
5654,Terra Beauty Products
5655,TERRA IPSUM
5656,Terra LOVA
5657,Terre De Mars
5658,Terre de Vie (Kellington Laboratories)
5659,Terre Mere Cosmetics
5660,Terressentials
5661,Thalia Natural Beauty
5662,Thank God It’s Natural
5663,That’s Besties
5664,Thayers Natural
5665,The 7 Virtues
5666,The Answer
5667,The Apothecary
5668,The Aroma Shoppe
5669,The Australian Eucalyptus Oil Company
5670,The Avo Tree
5671,The Bare Bar
5672,The Basic Rule
5673,the baumery
5674,The Bearded Man Company
5675,The Beauty Archive
5676,The Beauty Crop
5677,The Beauty of Eczema
5678,The Biome Plant Science Formulations
5679,The Black Bottle Company
5680,The Black Cat Soap House
5681,The Bod Society
5682,The Body Shop
5683,The Botanicalist
5684,The Bubble Collection
5685,The Bubble Factory
5686,The Buddha Beauty Company
5687,The Caldrea Company (S.C. Johnson)
5688,The Chemical Free Me
5689,The Cleaner Soul
5690,the COCOON ORIGINAL VIETNAM
5691,The Collective Cosmetics
5692,The Cosmetic Factory
5693,The Crayon Case
5694,The Cream Lab
5695,The Crème Shop
5696,The Cut Buddy
5697,The Designer Lash Company
5698,The Dirt Company
5699,The Eco Gang
5700,The Essential Krafters – Aara Marketing
5701,The Eyelash Emporium
5702,The Female Company
5703,The Fox Tan
5704,The Foxxy Skin Company
5705,The Future is Bamboo
5706,The glossarist
5707,The Glowhouse
5708,The Good Bug
5709,The Good Lashes
5710,The Good Oak Soap
5711,The Grapeseed Company
5712,The Green Beaver Company
5713,The Green Cricket
5714,The Green People Company
5715,The Haunted Alchemist
5716,The Haut Company
5717,The Herbal Extract Company of Australia
5718,The Holistic Science Co.
5719,The Homemade Organics Company
5720,The Honest Company
5721,The Hoppa (ORIENTCO)
5722,the house of lara
5723,The Humane Company
5724,The Humble Co.
5725,The HVN
5726,The Indie Earth
5727,The Jojoba Company
5728,The Kind Poppy
5729,The Kind Sunscreen
5730,THE LAB by blanc doux
5731,The Lemon Tree Soap + More
5732,The London Grooming Company
5733,The Madeline Brand
5734,The Mane Choice
5735,The Mighty xo
5736,The Minimal Co.
5737,The Moisturizers Co.
5738,The Mom Balm
5739,The Moms Co.
5740,The Mossi Saglik ve Kozmetik Urunleri San. Tic.
5741,THE NATURAL BEAUTY BY LAURA BALDINI(LOGITRADE)
5742,The Natural Pharmacy
5743,The Natures Co.
5744,The New Natural Pty Ltd
5745,The NewLab
5746,The Nue Co
5747,The Nukka Company
5748,THE NURSE SPIRIT
5749,THE OIL CHEMIST
5750,The Ordinary
5751,The Organic Forest
5752,The Organic Republic
5753,The Organic Skin Co.
5754,The Organik Formula
5755,The Paige Collection
5756,The Pampered Face
5757,The Perfect Pout Ph
5758,The Perfume Laboratory
5759,The Phluid Project
5760,The PÜRE Collection
5761,The Purist Collection
5762,The Purple Goat
5763,The Quick Flick
5764,The Retreat
5765,The Rosehip Specialists Pty Ltd
5766,The Route Beauty
5767,The Salve Project
5768,The Shameless Skin Co.
5769,The Skin Stuff Co.
5770,The Skincare Company
5771,The Skyn Bar
5772,The Solid Ink
5773,The Somerset Toiletry Company
5774,THE SPA DR
5775,The Sticky Company
5776,The Style Witch
5777,The Unbottle Company
5778,The Uplifters’ Prima
5779,The Vegan Candle Company
5780,The Vintage Cosmetic Company
5781,the wellbeing doctor
5782,The Wild Curl
5783,The Wooden Chopping Board Company
5784,The Y & W Laboratory
5785,THEA Naturkosmetik
5786,THEARTHY
5787,Theia Ocea Inc
5788,Thembisa Products
5789,Thera Artisan Skin Essential Shop
5790,Thera Wise
5791,Therapy and Essence
5792,Therepe Organics
5793,Thirteen Organics
5794,This Is Good
5795,This is L. Inc.
5796,This Works
5797,Tho’lle
5798,Three Beauties of London
5799,Three Little Vegans
5800,Thrive Causemetics
5801,Thrive Natural Care
5802,Thronjuwel (IN Innovation und Natur)
5803,Thunderbird Skin
5804,Tiaki Natural Chile
5805,TIANA Fair Trade Organics
5806,Tick Tock Naturals
5807,Tidhá
5808,Tiferet Aromatherapy
5809,Tigress Beauty
5810,Tiliade Cosm’éthique
5811,TILSIM KIMYA KOZMETIK I
5812,Tilvee
5813,"Timberwolf Organics, Inc."
5814,Timelesss Organics
5815,Tina Cassaday Beverly Hills
5816,Tina’s Topicals
5817,TINAZANA (Dermaloop)
5818,Tinge
5819,Tintery Brows
5820,Tinti
5821,Tints of Nature
5822,Tiny Breeze
5823,TinySmile
5824,TIO
5825,TIOLLA (Neontech)
5826,Tipanie Natural Cosmetics
5827,Triz Commerce Corp.
5828,Tisse
5829,TI&TO
5830,Tivanssy
5831,TNW International
5832,Toddle
5833,Todomoda Beauty
5834,Together Health
5835,Tolly’s Treatments
5836,TOLTECA
5837,Tommi Skin
5838,Tom’s of Maine (Colgate-Palmolive)
5839,Ton Savon
5840,TONOS REVOLUTION MAKEUP
5841,TONYMOLY
5842,Too Faced Cosmetics (Estee Lauder)
5843,Toothsi
5844,Total Beauty Network
5845,TOTAL ROUTINE
5846,TOTM
5847,Touch and Such
5848,Touch of Pure
5849,"TOV CO., LTD"
5850,Tova Corporation
5851,Tower28 Beauty
5852,Town & Anchor
5853,"Townley, Inc."
5854,Toxxic Vegan Beauty
5855,TPH by Taraji
5856,Trademark Beauty
5857,Trader Joe’s Company
5858,Tradie
5859,TRATY VET COSMÉTICA ANIMAL
5860,TRE Wellness
5861,Treaclemoon (Vendoleo)
5862,"Treat, Inc."
5863,Tree Hut (Naterra International)
5864,Tree of Life
5865,Tree To Tub
5866,Tree Toys Corp
5867,Treefort Naturals
5868,TreeWear
5869,Trendmaker
5870,TREPADORA
5871,Tres Esteros
5872,Très Spa
5873,TRESemmé (Unilever)
5874,Tressa
5875,Trestique
5876,Trevor Sorbie
5877,Trewax (Beaumont Products)
5878,TRI Hair Care Products
5879,TriDerma
5880,Trillium Herbal Company
5881,Trinity Haircare
5882,Triple A Skin Science
5883,Trish McEvoy
5884,Trish&Tash
5885,Triveni
5886,Trizzi Cosmetics
5887,Tropic Skin Care
5888,Tropik
5889,TruAura
5890,True Beauty Lashes
5891,True Blue Spa
5892,True Botanicals
5893,True Brands
5894,True Glue
5895,True Keratin
5896,True Kind
5897,TRUE NAIL POLISH
5898,Truebeet
5899,TrueYou Beauty (Vitamin Shoppe)
5900,TruKid
5901,Truly O2
5902,Truly You
5903,TRUMOUNT BIOVERSE
5904,TruSelf Organics
5905,Trust Fund Beauty
5906,TRUTH ®  (TruthGirl)
5907,TRUU by Nature
5908,Tsara Cosmetics
5909,Tsi~La Organics
5910,TULA
5911,Tulsi Organics
5912,Turinampi Cosmética Natural
5913,Turnrow Bath Body & Home
5914,Turtlee Organics
5915,tvachamrit
5916,twig leaf flower
5917,Twin Secret Ltd
5918,Twinkle Apothecary
5919,Twipes
5920,TWIST (BBI)
5921,Twist Body Brands
5922,TWO AND UP INC.
5923,Two Blooms Design Studio
5924,Two Good Co
5925,Two Old Goats
5926,TWO2GUYS
5927,Twoodle
5928,Twoone Onetwo
5929,Tychea Skincare
5930,TYM Botanicals
5931,typo (Cotton On)
5932,Typology
5933,U-Makeitup (Pure Rock Mineral Cosmetiques)
5934,Uberliss
5935,Udo Walz
5936,Uglyroach
5937,UIQ (Genome and Company)
5938,UK Trading Corporation
5939,UKVIAT
5940,Ulta Beauty Collection
5941,Ultra
5942,Ultraceuticals
5943,Umberto Giannini Haircare
5944,Umbria Olii International USA
5945,Un Air d’Antan
5946,Uncle Funky’s Daughter
5947,UNCOMMON JAMES
5948,UND GRETEL
5949,Undead Inc
5950,Underated (SKINNCELLS SEASONS PRIVATE LIMITED)
5951,Underground Cosmetics
5952,UndiWash
5953,Undone Beauty
5954,Undvivided Cosmetics
5955,Unearth Malee
5956,Unicure
5957,Uniful
5958,Unigroup ApS
5959,Unique Lifestyle Pvt. Ltd.
5960,Unite Eurotherapy
5961,UNITE Haircare
5962,UNITED & FREE Skincare
5963,Unived
5964,UNLEASHIA
5965,Unphased Skin
5966,Unplain
5967,Untainted
5968,UNTOXICATED
5969,UnWash (Athena Cosmetics)
5970,Unwritten Hair
5971,Up Candle
5972,UP2YOU
5973,UPGRAD´D® Labs (HarJam Innovations LTD)
5974,Upper Canada Soap & Candle Makers
5975,Upper Canada UK
5976,Urban Retreat by Acti Labs
5977,UR cosmetic
5978,Urban Alchemy
5979,Urban Botanicals
5980,Urban Care (SELEN KOZMETIK)
5981,Urban Decay (L’Oréal)
5982,Urban Essentials India Pvt Ltd
5983,Urban Glow
5984,Urban Minerals
5985,Urban Veda
5986,Urbanized
5987,URBINS (LOMEVE)
5988,Us Clean Cosmetics
5989,U.S. Cotton
5990,USE-LESS BEAUTY (Maypop Beauty)
5991,Utan
5992,UUUUU.
5993,ViPrime Health & Beauty (Ginerva Global Trading)
5994,Vasarii
5995,V-dog
5996,V.GAN
5997,V-Organics
5998,Váhy
5999,Vaihea Skincare
6000,Vairea Skincare LLC
6001,Valana Minerals
6002,Valentia
6003,Valeo Nutra Pvt Ltd
6004,Valfre
6005,Valganics
6006,Valhalla Spa Organics
6007,VALL
6008,Valley of the Sun Cosmetics
6009,Valuepharm
6010,Vamoosh (Cares Laboratory)
6011,VANDA HEALTH CARE
6012,VANDLEZ UG
6013,Vanessa Ziletti Cosmetics
6014,VANI-T Australia
6015,Vanilla and Wild
6016,Vanilla Mozi
6017,Vanilla Sugar
6018,Vanity Group
6019,Vanity Planet
6020,Vanwei Studio
6021,Varkveda Venture Pvt Ltd.
6022,Varsity Spirit
6023,Vasanti Cosmetics
6024,Vatea
6025,VAUNT SKINCARE
6026,VAVACOCO (Neontech)
6027,VB Cosméticos e Conteúdo
6028,Vcollagen
6029,VE Cosmetics
6030,Veda Naturals
6031,Vedaearth
6032,Vedic Botanicals
6033,Vedic Lab
6034,Veela+
6035,Veg Out Organics
6036,Vega
6037,vegaLASH
6038,Vegan Beauty Cosmetics
6039,VEGAN by Needs
6040,Vegan Lizz
6041,Vegan Mania
6042,Vegan Mia
6043,Vegan Serenity
6044,VEGAN SKN LIMITED
6045,Vegan Tree Owl
6046,Veganbunny
6047,Vegane Pflege
6048,Vegan Flow
6049,Veganic SKN Limited
6050,Veganis
6051,Veganup by Heike Kaufmann
6052,Veganus
6053,Vegas Make Up
6054,Vegenero
6055,Végétalement Provence
6056,Veggie Wash (Beaumont Products)
6057,Veíse Beauty
6058,Velet Cosmetics
6059,Velvet & Sweet Pea’s Purrfumery
6060,VELVOTAN
6061,Venira.cz
6062,VENNUS SKIN CARE
6063,Venus Skin
6064,Veoli Botanica
6065,VERB
6066,Verb Products
6067,Verb Vitamins
6068,VERED organic botanicals
6069,VERIFY
6070,Verite Spa Organics
6071,Vermont Soapworks
6072,verpackmeinnicht
6073,Vesper Ventures
6074,Vesta Holdings
6075,Veterinarian’s Best
6076,VETFF
6077,Vhera Lucci
6078,Viable Vegans
6079,Vibra Cosmetica
6080,Vibrancia Cosmética
6081,Vibre (The Feelgood Company)
6082,VICCO
6083,Vice Cosmetics
6084,Victorria Industrial Co.
6085,Victory Kozmetik
6086,Victory Supply Inc.
6087,Vidal
6088,Vidhyanjali
6089,VIEVE
6090,Viganshit
6091,VIGONATURE
6092,Vihara Life Care
6093,Villa Floriani
6094,Villainess
6095,Ville De Fleurs
6096,VIMS BEAUTY
6097,Vinci Botanicals
6098,Vine & Co
6099,VinoSpa
6100,VIOLETA COSMETICOS
6101,VIP Jolie
6102,V.I.P. Soap Products
6103,VIR
6104,Virá Cosméticos
6105,Virginia’s Soap
6106,Visan Pet Nutrition
6107,Vita Mia Cosmética Artesanal
6108,VITABATH
6109,Vitabay
6110,Vital Essentials
6111,Vitality Institute Medical Products
6112,Vitamasques
6113,VITANAE
6114,Viva Maia
6115,Vivagreen
6116,Vive Cosmetics
6117,Vivere
6118,Viviane Woodard
6119,Vividraw
6120,VIVRI
6121,Vivus Pets
6122,VIZZELA
6123,V’Lumine Cosmetics (Athena Cosmetics)
6124,VMP Cosmetics
6125,VODANA
6126,Voduz Hair
6127,VOESH
6128,Volition Beauty
6129,Von Lupin
6130,VonBlü Cosmetics
6131,VOOP Cosmetics
6132,Vóreio Sélas
6133,VOYA Organic Beauty
6134,VPOP Vitamins
6135,VREA Cosmetics
6136,V.SUN
6137,V’TAE Parfum & Body Care
6138,Vtari
6139,Vulox Vanity
6140,V&V Essentials
6141,VXN Wellness
6142,Vyla Cosmetics
6143,W. Cosmetics
6144,W3LL People
6145,W7 Cosmetics  (Warpaint Cosmetics)
6146,Wabi-Sabi Botanicals
6147,Wakaya Perfection
6148,Waldencast
6149,Wanderlust Group
6150,War Paint Men’s Grooming
6151,Warm Earth Cosmetics
6152,Warm Human
6153,waschkram UG
6154,Wash & Go
6155,Wash Naturals
6156,Wash with Water
6157,Wasteless Hero
6158,Watermans
6159,WaterWipes
6160,Watier (Groupe Marcelle)
6161,Waverly Color Co.
6162,Wawaza
6163,Waxelene
6164,"We, All"
6165,WE ARE PARADOXX
6166,we.care*s
6167,We Love The Planet
6168,WE LUV ECO
6169,WeAreFeel
6170,Well For Me
6171,Well-in-Hand
6172,Wellbeing Nutrition
6173,Wellmark
6174,Wellnatal
6175,Welloh
6176,Weltun SPA
6177,Wembé
6178,Werfzeep
6179,Weruva
6180,WESS PROFESSIONAL
6181,Westlab
6182,Wet Brush (BBI)
6183,wet n wild (Markwins)
6184,WETHRIVV
6185,WHATASKIN
6186,Wheesht Masks
6187,Whip-It Inventions
6188,White Ichigo (Sentique International)
6189,White Lotus
6190,White Rabbit Skincare
6191,"Whole Foods Market, 365"
6192,WholeMade
6193,Wibo
6194,Wick’d Confections Candle Company
6195,Wiig
6196,Wiishbox Consumer
6197,Wild Beauty Cosmetics
6198,Wild Emery
6199,WILD GRACE
6200,Wild Willow
6201,Wild & Wolf
6202,Wildflower Aromatherapy
6203,WILDGLOW COSMETICS
6204,Wildling
6205,WildMint
6206,Williamspro HD Cosmetics
6207,Wind River Herbs
6208,Wingme Cosmetics
6209,Winky Lux
6210,Winter In Venice
6211,Wise Men’s Care
6212,WiseWays Herbals
6213,Wishcompany Inc.
6214,With Love Cosmetics
6215,With My
6216,With You Fitocosmética
6217,Withered Skin Remedies
6218,withshyan
6219,WIWIFY (ALFO)
6220,WOC Beauty
6221,WODA European Natural Skin Care
6222,Wolf & Pine Soap Company
6223,Womankind
6224,Womiva
6225,Wonder Lacquer
6226,Wonder Plant
6227,Wonderbelly
6228,Wondrous Company LLC
6229,Woodsman Skincare
6230,Woodstock Herbal Products
6231,Woohoo Body
6232,Woosh Beauty
6233,World Famous Tattoo Ink
6234,World Organics
6235,WOSH
6236,WowE
6237,W.S. Badger
6238,Wyld Skincare
6239,Wysong Canada
6240,Wysong Corporation
6241,Wyuna Botanicals
6242,Xamania
6243,Xenna Corp
6244,Xenna Corporation
6245,Xeno
6246,Xenon Skin
6247,XeoLab
6248,Xlash Cosmetics
6249,XLR8 Cosmetics
6250,XLSuccess Trading Company
6251,XO Skin
6252,Xotic Naturals (Younez International)
6253,Xtend-Life Natural Products
6254,Xyrena
6255,Y-Not Natural
6256,Yamco Skin
6257,YAPA Beauty
6258,Yarok Hair
6259,Yaskin Natural
6260,YAY
6261,Yaya Maria’s
6262,YEAUTY
6263,Yendy Skin
6264,Yepoda
6265,Yesto Carrots
6266,YG Laboratories
6267,Yibu Beauty
6268,Yin Yang Skincare
6269,YMH Beaute Co.
6270,Ynna’s Cosmetics
6271,Yodi
6272,Yokaba
6273,Yokho Hair Care
6274,Yonder
6275,YOPE
6276,Yoppie
6277,Yoreganics
6278,You and Oil
6279,YOU ARE THE PRINCESS
6280,You  Me
6281,YOUFE (Shenzhen Danbaoyi Electronic Commerce Co.)
6282,Young Nails Ireland
6283,Youngblood Mineral Cosmetics
6284,Y’OUR Skin
6285,Youth To The People
6286,Youthfulvigour
6287,YUKIMI
6288,YULIP
6289,Yumé Blush
6290,Yutopia (HarJam Innovations LTD)
6291,Yuva Life Sciences
6292,Yxia IV (Green Life)
6293,Zabana Essentials
6294,Zandi Land Beauty
6295,ZANILAST+
6296,ZAO Essence of Nature
6297,ZARTGEFÜHL
6298,Zebra Rossa
6299,Zeitgeist Beauty
6300,ZenaSkin
6301,Zendium (Unilever)
6302,Zenful
6303,Zenii
6304,Zenit Collections
6305,Zenz Organic Products
6306,zenzitude
6307,Zermat Internacional
6308,Zerocare Australia
6309,Zeroslash
6310,Zerran International Corporation
6311,Zeva Organics Limited
6312,Zi Zai Dermatology
6313,Zia Natural Skincare (Hain Celestial)
6314,ZIEL NATURAL COSMETICS
6315,Ziggy’s Pudding
6316,ZIQ ZAQ
6317,ZIVER ORGANIQUES
6318,Zoé Cosmetics
6319,Zoey Koko
6320,ZoiY
6321,ZolaTerra
6322,Zorah biocosmétiques
6323,Zoygirl (Zoycare Hygiene)
6324,Zue Beauty
6325,Zuii Organic
6326,Zuzu Cosmetics
6327,Zyderma
